position,layer,n,tag,random/task/r2_mean,random/task/exact_acc,random/task/mae,random/task/nearest_acc,random/task/r2_axes,random/control/r2_mean,random/control/exact_acc,random/control/mae,random/control/nearest_acc,random/control/r2_axes,random/selectivity_nearest,random/selectivity_r2,cross_lexeme/task/r2_mean,cross_lexeme/task/exact_acc,cross_lexeme/task/mae,cross_lexeme/task/nearest_acc,cross_lexeme/task/r2_axes,cross_lexeme/control/r2_mean,cross_lexeme/control/exact_acc,cross_lexeme/control/mae,cross_lexeme/control/nearest_acc,cross_lexeme/control/r2_axes,cross_lexeme/selectivity_nearest,cross_lexeme/selectivity_r2,lattice_holdout/task/r2_mean,lattice_holdout/task/exact_acc,lattice_holdout/task/mae,lattice_holdout/task/nearest_acc,lattice_holdout/task/r2_axes,lattice_holdout/control/r2_mean,lattice_holdout/control/exact_acc,lattice_holdout/control/mae,lattice_holdout/control/nearest_acc,lattice_holdout/control/r2_axes,lattice_holdout/selectivity_nearest,lattice_holdout/selectivity_r2
value,0,3867,main_s0,-0.0008054605505631122,0.07881136950904392,1.0966524660818338,0.07881136950904392,"[0.005017598620176367, -0.006728336327349815, -0.000705643944515888]",-0.001956489931883798,0.00904392764857881,1.2382273487265412,0.00904392764857881,"[-0.0020601383320395517, -0.0009989155342067235, -0.002810415929405119]",0.06976744186046512,0.001151029381320686,-0.005669076208703642,0.08844065166795965,1.0929550451210717,0.08844065166795965,"[-0.005401408713579192, -0.006045736166655935, -0.005560083745875799]",-0.014452152112267727,0.0072407551073183345,1.2582705720143874,0.0072407551073183345,"[-0.007672951652703652, -0.0144025095793745, -0.02128099510472503]",0.08119989656064132,0.008783075903564086,-0.022570836321157934,0.10058823529411764,1.191458646475027,0.10058823529411764,"[-0.028354462470719488, -0.024151428307219724, -0.015206618185534593]",-0.013257002186116843,0.00823529411764706,1.260394184228179,0.00823529411764706,"[-0.008695199990641722, -0.015165248253234953, -0.015910558314473855]",0.09235294117647058,-0.009313834135041091
value,2,3867,main_s0,-0.1961769542481097,0.03617571059431524,1.1904355374218625,0.03617571059431524,"[-0.19721597586224426, -0.19704676999292148, -0.19426811688916334]",-0.17414855381391972,0.014211886304909561,1.3166803362507382,0.014211886304909561,"[-0.15824588419860985, -0.15277002161065245, -0.21142975563249689]",0.02196382428940568,-0.022028400434189965,-0.2149154288224596,0.03180760279286268,1.2097627032404008,0.03180760279286268,"[-0.21126567816865238, -0.19135529417250297, -0.2421253141262234]",-0.23296814314871864,0.01060253426428756,1.3668879256217075,0.01060253426428756,"[-0.21475438923136814, -0.232329779357886, -0.2518202608569018]",0.02120506852857512,0.018052714326259045,-0.20273205803153171,0.01588235294117647,1.2934808430314868,0.01588235294117647,"[-0.21131568935272638, -0.19609377689717977, -0.200786707844689]",-0.17801512543470768,0.012941176470588235,1.3403846914556754,0.013823529411764707,"[-0.17878304575250725, -0.18855699072622834, -0.1667053398253875]",0.0020588235294117622,-0.02471693259682403
value,4,3867,main_s0,-0.2816253546064253,0.021963824289405683,1.2350471701848416,0.021963824289405683,"[-0.3010111496152428, -0.27067426710125186, -0.2731906471027812]",-0.26465240597187106,0.011627906976744186,1.3622889083831808,0.014211886304909561,"[-0.2473458954382921, -0.2398267669711618, -0.30678455550615924]",0.007751937984496122,-0.01697294863455423,-0.34299707327677514,0.022756658908714766,1.2651341755876622,0.022756658908714766,"[-0.37081980004739723, -0.32756377217262855, -0.3306076476102997]",-0.3326766153690275,0.0067235583139384535,1.4047695317754145,0.0067235583139384535,"[-0.3389261511574322, -0.32362566196005993, -0.33547803298959034]",0.016033100594776313,-0.01032045790774766,-0.29782091108383796,0.011176470588235295,1.3323552656164575,0.011470588235294118,"[-0.3174538618981695, -0.30778517280065376, -0.2682236985526907]",-0.32602374747865914,0.007058823529411765,1.39862475340072,0.007352941176470588,"[-0.37494097198460374, -0.3313448198958042, -0.27178545055556946]",0.00411764705882353,0.028202836394821185
value,6,3867,main_s0,-0.3419492646728077,0.016795865633074936,1.2579559374161058,0.016795865633074936,"[-0.34182610962671967, -0.31938990651997745, -0.36463177787172585]",-0.35615676896649934,0.00904392764857881,1.3934930070984426,0.0103359173126615,"[-0.3960894733846836, -0.3182494767141031, -0.3541313568007114]",0.006459948320413437,0.014207504293691664,-0.401787928481546,0.017843289371605897,1.2911854033080548,0.017843289371605897,"[-0.35895679761985066, -0.3860191761580527, -0.4603878116667346]",-0.47635069577656863,0.0062063615205585725,1.4689274818382232,0.0062063615205585725,"[-0.45471051032872545, -0.5120492636556164, -0.462292313345364]",0.011636927851047325,0.07456276729502265,-0.3329248979313435,0.012647058823529412,1.347158639006061,0.012941176470588235,"[-0.315978969504213, -0.3420508044071493, -0.3407449198826682]",-0.3943123279385114,0.006470588235294118,1.4340235630223783,0.007058823529411765,"[-0.4074582310248902, -0.4221761642253896, -0.3533025885652543]",0.0058823529411764705,0.0613874300071679
value,8,3867,main_s0,-0.6966453224034742,0.012919896640826873,1.409930755624116,0.012919896640826873,"[-0.7459476986673037, -0.6054894167536484, -0.7384988517894704]",-0.678783171265198,0.003875968992248062,1.5262495251605086,0.00516795865633075,"[-0.7424797543170869, -0.5987895213826282, -0.6950802380958789]",0.007751937984496123,-0.01786215113827616,-0.752457424245291,0.01034393586759762,1.4308923344380633,0.01034393586759762,"[-0.8458373781906348, -0.6910429749257236, -0.720491919619515]",-0.7895280164808819,0.005947763123868632,1.583850403053554,0.0072407551073183345,"[-0.8177533527216223, -0.7183816186269709, -0.8324490780940526]",0.0031031807602792862,0.03707059223559084,-0.5999277355208262,0.00823529411764706,1.4572636582892315,0.008823529411764706,"[-0.6572830970043115, -0.5439448184749358, -0.5985552910832315]",-0.692011428659255,0.003823529411764706,1.546293689174322,0.004705882352941176,"[-0.6911244251196524, -0.5976207234877022, -0.7872891373704105]",0.00411764705882353,0.09208369313842879
value,10,3867,main_s0,-1.5187911680842356,0.00516795865633075,1.6664140358355464,0.006459948320413436,"[-1.3091713911505263, -1.600803345473766, -1.6463987676284146]",-1.4928390388710586,0.011627906976744186,1.8080763097781878,0.016795865633074936,"[-1.3478060135901275, -1.85237647368713, -1.2783346293359186]",-0.010335917312661501,-0.025952129213177022,-1.588796086122941,0.005947763123868632,1.6976915067788312,0.007757951900698216,"[-1.6014292434718458, -1.5379063974382174, -1.62705261745876]",-1.4911295570941778,0.004137574347039048,1.8319593701641996,0.0074993535040082755,"[-1.5526964394909095, -1.547013316193138, -1.3736789155984859]",0.0002585983966899401,-0.09766652902876327,-1.3842781341384829,0.006176470588235294,1.7181224162113287,0.007058823529411765,"[-1.451512103410558, -1.327051431774219, -1.3742708672306714]",-1.2874907757731393,0.006176470588235294,1.7646561015055826,0.00823529411764706,"[-1.283359395275716, -1.424554822570527, -1.1545581094731747]",-0.0011764705882352944,-0.09678735836534358
value,12,3867,main_s0,-1.7779794860086024,0.007751937984496124,1.743283682408952,0.0103359173126615,"[-1.7143196276332495, -1.5815145759026148, -2.0381042544899435]",-1.706494798234295,0.002583979328165375,1.8777919787493222,0.006459948320413436,"[-1.5296735331846971, -1.8518935256501772, -1.7379173358680116]",0.003875968992248063,-0.07148468777430739,-1.7239017335421287,0.0074993535040082755,1.7421789181860816,0.008533747090768037,"[-1.5994238607006777, -1.8488992613681314, -1.7233820785575764]",-1.7138002659544316,0.004396172743728989,1.8843247501642628,0.008275148694078097,"[-1.7157596320625186, -1.7798861235310564, -1.64575504226972]",0.0002585983966899401,-0.010101467587697144,-1.4198266323670872,0.006176470588235294,1.735592269918644,0.008823529411764706,"[-1.3211301640898374, -1.4799497356997016, -1.458399997311722]",-1.4697615693052564,0.007352941176470588,1.818536822649413,0.010294117647058823,"[-1.3484140567245393, -1.609359151783372, -1.4515114994078577]",-0.0014705882352941176,0.049934936938169194
value,14,3867,main_s0,-1.5558542763019128,0.00516795865633075,1.6799791451707213,0.00516795865633075,"[-1.4984110894614457, -1.5559509601214714, -1.613200779322821]",-1.6549072606549518,0.003875968992248062,1.8520846643118536,0.00516795865633075,"[-1.8948047130237762, -1.4515020267697945, -1.6184150421712848]",0.0,0.099052984353039,-1.7881571832158583,0.008792345487457979,1.7234825483010243,0.010861132660977503,"[-1.7935918121663672, -1.7920286203022675, -1.7788511171789398]",-1.6333281491943559,0.005689164727178691,1.8609959292410985,0.008016550297388157,"[-1.7348239088482194, -1.5351480118138165, -1.630012526921032]",0.002844582363589346,-0.1548290340215024,-1.4604998577947785,0.00411764705882353,1.7272578262261973,0.007352941176470588,"[-1.4342874598555286, -1.5878572610204662, -1.359354852508341]",-1.5054202118456645,0.00411764705882353,1.8229741564935402,0.005,"[-1.6567173477323371, -1.4084687507933888, -1.4510745370112677]",0.002352941176470588,0.04492035405088601
value,16,3867,main_s0,-1.4641452277202733,0.007751937984496124,1.663298398442406,0.00904392764857881,"[-1.6707225087908744, -1.0963881510142395, -1.6253250233557064]",-1.7315150674493296,0.003875968992248062,1.855364097674553,0.00516795865633075,"[-1.6394013535575183, -1.6644259271047837, -1.8907179216856873]",0.003875968992248061,0.26736983972905626,-1.6997058017571967,0.006464959917248513,1.7003628089009262,0.008016550297388157,"[-1.8709670281118194, -1.6035533275117175, -1.6245970496480537]",-1.557583367459954,0.005430566330488751,1.828140330124149,0.0074993535040082755,"[-1.4655738333844561, -1.5945467910559237, -1.6126294779394823]",0.000517196793379881,-0.1421224342972427,-1.2989067328522508,0.005294117647058823,1.6880654347138297,0.006470588235294118,"[-1.4125313431891615, -1.2101920468176535, -1.2739968085499371]",-1.4198709635463678,0.006176470588235294,1.7870608186320054,0.008529411764705883,"[-1.4042681369736707, -1.4589821646277077, -1.3963625890377251]",-0.002058823529411765,0.12096423069411699
value,18,3867,main_s0,-1.4760176518207861,0.007751937984496124,1.659636844036191,0.007751937984496124,"[-1.42822307458266, -1.2844685228661592, -1.715361358013539]",-1.6273137188510198,0.007751937984496124,1.8477261820880249,0.011627906976744186,"[-1.6404281007207482, -1.600047924498742, -1.641465131333569]",-0.003875968992248062,0.15129606703023368,-1.5965145119299295,0.0072407551073183345,1.6855775799819668,0.009050943884147919,"[-1.6543760390539557, -1.5397097532173296, -1.5954577435185033]",-1.5652842531560012,0.004137574347039048,1.8306198849731878,0.005689164727178691,"[-1.640208615188942, -1.6592260043659555, -1.3964181399131061]",0.003361779156969227,-0.031230258773928377,-1.310012405030282,0.009411764705882352,1.6825164348150001,0.010294117647058823,"[-1.2625959318297268, -1.305952071996738, -1.3614892112643813]",-1.403230154824976,0.0035294117647058825,1.7837914855964483,0.006470588235294118,"[-1.4433119678051982, -1.4571954423974902, -1.3091830542722391]",0.0038235294117647057,0.093217749794694
value,20,3867,main_s0,-1.306989668260089,0.007751937984496124,1.6108403745188373,0.007751937984496124,"[-1.3120864195730753, -1.1133664397684009, -1.495516145438791]",-1.3947710462419265,0.006459948320413436,1.7597029938689024,0.0103359173126615,"[-1.312326893865012, -1.283360467025314, -1.5886257778354538]",-0.0025839793281653752,0.0877813779818375,-1.4507359910856483,0.004396172743728989,1.6428371486070599,0.005430566330488751,"[-1.4345552002998536, -1.3366133923567762, -1.5810393806003158]",-1.4238410171022025,0.0031031807602792862,1.7926870473860845,0.005430566330488751,"[-1.5074529575287219, -1.3573291052252765, -1.4067409885526088]",0.0,-0.02689497398344587,-1.2066273999623789,0.006176470588235294,1.6590133547728114,0.007941176470588234,"[-1.1886294380481615, -1.0107405592715657, -1.4205122025674095]",-1.2822957529508185,0.005294117647058823,1.7474339595462616,0.007941176470588234,"[-1.235685978780933, -1.3081430665777543, -1.3030582134937685]",0.0,0.07566835298843966
value,22,3867,main_s0,-1.2985700309110333,0.006459948320413436,1.6050791380081477,0.006459948320413436,"[-1.3300991148535215, -1.0775863943220663, -1.4880245835575123]",-1.1867560305612528,0.006459948320413436,1.7068114299479549,0.0103359173126615,"[-1.019002583226286, -1.2455456729935421, -1.29571983546393]",-0.003875968992248063,-0.1118140003497805,-1.3480048262044633,0.004654771140418929,1.6258594616849396,0.005689164727178691,"[-1.461615678349451, -1.2062480014776185, -1.3761507987863197]",-1.263046100759752,0.004654771140418929,1.7435128184584692,0.0067235583139384535,"[-1.2387668124287727, -1.4007620539337151, -1.149609435916768]",-0.001034393586759762,-0.08495872544471128,-1.1401842083611056,0.006470588235294118,1.6455450998257626,0.007058823529411765,"[-1.2009022833579452, -0.946339447709541, -1.2733108940158306]",-1.2036307213112805,0.0035294117647058825,1.725289537055491,0.005,"[-1.1633936077309461, -1.4792408586352361, -0.9682576975676591]",0.002058823529411765,0.0634465129501749
value,24,3867,main_s0,-0.9866942482831108,0.0103359173126615,1.5132151164281327,0.0103359173126615,"[-1.0136570743419204, -0.8122728853150141, -1.134152785192398]",-0.9688791042136492,0.007751937984496124,1.6289553863752848,0.0103359173126615,"[-1.0078778420855392, -0.7815690536028821, -1.1171904169525266]",0.0,-0.017815144069461608,-1.1146657677808187,0.009309542280837859,1.558088080248985,0.01060253426428756,"[-1.1290650592997813, -1.020382547011649, -1.194549697031026]",-1.1308044308370884,0.004654771140418929,1.7013562078453723,0.0062063615205585725,"[-1.1886061869478, -1.09874860538567, -1.1050585001777948]",0.004396172743728988,0.016138663056269653,-0.972864096360598,0.00411764705882353,1.5852897446704846,0.0058823529411764705,"[-0.9268048624866261, -0.8541605499852987, -1.1376268766098692]",-0.9511133683171703,0.005588235294117647,1.6460519335378765,0.007352941176470588,"[-0.9827217884780426, -0.9625923959111133, -0.9080259205623549]",-0.0014705882352941176,-0.021750728043427703
value,26,3867,main_s0,-1.0601023931485454,0.00904392764857881,1.521415974216457,0.00904392764857881,"[-1.003970660266591, -0.9436141473703927, -1.2327223718086522]",-1.0282028059250818,0.00516795865633075,1.6549347785071282,0.0103359173126615,"[-1.110626195887459, -0.8904407528898417, -1.0835414689979448]",-0.0012919896640826885,-0.03189958722346353,-1.1342572161089302,0.009568140677527799,1.5598193834248457,0.01008533747090768,"[-1.1145532025875453, -1.154505039985501, -1.1337134057537441]",-1.2217333941211386,0.0067235583139384535,1.7277135599979314,0.009050943884147919,"[-1.1947606933289414, -1.2373546480988136, -1.2330848409356605]",0.001034393586759762,0.08747617801220842,-0.9962581370794604,0.007647058823529412,1.5977371792214028,0.007647058823529412,"[-0.944793949075641, -0.9745478798215077, -1.069432582341233]",-1.0508164428576232,0.004705882352941176,1.6797952233587263,0.0058823529411764705,"[-1.072848018886162, -1.034481462694571, -1.0451198469921366]",0.0017647058823529417,0.054558305778162786
value,28,3867,main_s0,-1.0667975926259852,0.012919896640826873,1.532954091178919,0.014211886304909561,"[-1.0178636014761682, -1.00367784224275, -1.1788513341590372]",-1.1302403865048642,0.006459948320413436,1.6802043214826994,0.0103359173126615,"[-1.0787682305005033, -1.1030349002416715, -1.208918028772418]",0.003875968992248062,0.06344279387887908,-1.2572165789471241,0.008792345487457979,1.581414749481233,0.009050943884147919,"[-1.16893961453433, -1.301444070712876, -1.3012660515941663]",-1.3871885232523677,0.0036203775536591673,1.7682753915262648,0.005430566330488751,"[-1.2439162999745403, -1.3258926263179456, -1.5917566434646173]",0.0036203775536591673,0.12997194430524361,-1.14439828036479,0.007352941176470588,1.6381986119886678,0.007647058823529412,"[-1.2795904895330241, -1.0098684123201833, -1.1437359392411626]",-1.4128439236175871,0.0058823529411764705,1.7425974330497795,0.007647058823529412,"[-1.115070785352251, -1.230359709965839, -1.8931012755346712]",0.0,0.2684456432527971
value,30,3867,main_s0,-1.2758153225415536,0.007751937984496124,1.581500850341938,0.007751937984496124,"[-1.3580234455862934, -1.1890696702212105, -1.280352851817157]",-1.1678006868418105,0.002583979328165375,1.7022926125548696,0.002583979328165375,"[-1.0658926284195878, -1.1801088058073224, -1.2574006262985211]",0.005167958656330749,-0.10801463569974312,-1.3157671211951947,0.007757951900698216,1.6009589246875684,0.008275148694078097,"[-1.3688301589543284, -1.351146085527248, -1.2273251191040075]",-1.4001077778434314,0.00517196793379881,1.776094118966047,0.0074993535040082755,"[-1.4056579590424194, -1.381597025852809, -1.4130683486350661]",0.0007757951900698211,0.08434065664823676,-1.2591156538967188,0.007647058823529412,1.654987221116602,0.009411764705882352,"[-1.3461276240603204, -1.2118754469590498, -1.2193438906707863]",-1.4011655407184795,0.005588235294117647,1.7573856003096728,0.007941176470588234,"[-1.3523204110521312, -1.5244915562637398, -1.3266846548395677]",0.0014705882352941176,0.14204988682176078
value,32,3867,main_s0,-1.2770878642013823,0.007751937984496124,1.5906279377164407,0.007751937984496124,"[-1.2676379022583957, -1.1817271707354071, -1.3818985196103442]",-1.3469286717440117,0.00516795865633075,1.7586436836677863,0.007751937984496124,"[-1.534207270308828, -1.2540790132929942, -1.2524997316302122]",0.0,0.06984080754262934,-1.3950630627527876,0.00517196793379881,1.6212828220871336,0.006464959917248513,"[-1.343139619754989, -1.4974178242101956, -1.3446317442931788]",-1.45925313944885,0.0067235583139384535,1.7905843353740123,0.008275148694078097,"[-1.4444750866342901, -1.4383238953255666, -1.4949604363866928]",-0.0018101887768295832,0.06419007669606236,-1.1796518479890399,0.006470588235294118,1.6323067485877112,0.007352941176470588,"[-1.225792669865581, -1.1482919537379725, -1.1648709203635659]",-1.3484951038162585,0.007058823529411765,1.7466945944914558,0.01,"[-1.2658773444420102, -1.4923755592433205, -1.2872324077634443]",-0.002647058823529412,0.1688432558272186
value,34,3867,main_s0,-1.1469533392079314,0.011627906976744186,1.5771674175043233,0.011627906976744186,"[-0.975176167717952, -1.2286376497362594, -1.237046200169583]",-1.1731504364848755,0.003875968992248062,1.7086530275832184,0.006459948320413436,"[-1.182062500638311, -1.151592649189038, -1.1857961596272775]",0.00516795865633075,0.02619709727694408,-1.3787047799707681,0.005689164727178691,1.613783567957275,0.006464959917248513,"[-1.2780343371820018, -1.4212935806331712, -1.4367864220971316]",-1.3872611265139774,0.00491336953710887,1.759057870741544,0.0074993535040082755,"[-1.3302137376324592, -1.4565694473264603, -1.375000194583012]",-0.001034393586759762,0.008556346543209248,-1.138428768389513,0.008823529411764706,1.6235183922082697,0.008823529411764706,"[-1.1187285077787616, -1.0740719600508473, -1.2224858373389296]",-1.2969843731319817,0.005294117647058823,1.7184873439499415,0.007941176470588234,"[-1.0758179004317356, -1.671064957047558, -1.1440702619166516]",0.0008823529411764713,0.15855560474246877
value,36,3867,main_s0,-1.1923843863875423,0.00516795865633075,1.5612434190693958,0.00516795865633075,"[-1.263536636756739, -1.1991279311587575, -1.11448859124713]",-1.20601406496504,0.012919896640826873,1.6837912668761998,0.014211886304909561,"[-1.3107818134923601, -1.173145148001793, -1.134115233400967]",-0.009043927648578812,0.01362967857749764,-1.3485606871450393,0.0062063615205585725,1.6015455379225387,0.0069821567106283944,"[-1.311506857666083, -1.4970226046607111, -1.2371525991083239]",-1.4207231438364925,0.005947763123868632,1.758750834423887,0.008016550297388157,"[-1.3241260569089848, -1.4962192619460604, -1.4418241126544316]",-0.001034393586759762,0.07216245669145316,-1.0963083334022754,0.007352941176470588,1.6042048045645887,0.008823529411764706,"[-1.14260110328386, -1.1234410422019807, -1.0228828547209856]",-1.2423945412486022,0.005588235294117647,1.7050100466130558,0.006470588235294118,"[-1.1568300256758803, -1.3819218135881743, -1.1884317844817516]",0.002352941176470588,0.14608620784632675
unit,0,3867,main_s0,0.39099178235531645,0.29457364341085274,0.6881107936270734,0.29457364341085274,"[0.4133458681832828, 0.2958129853888073, 0.4638164934938592]",0.2649057724950918,0.24289405684754523,0.9196653239842918,0.24289405684754523,"[0.27216867664954814, 0.2424556178925531, 0.28009302294317406]",0.05167958656330751,0.12608600986022467,0.2036276449184092,0.06801137832945436,0.904168179354558,0.06801137832945436,"[0.24176965199390532, 0.1352451756607429, 0.23386810710057937]",-0.20121162799304013,0.005689164727178691,1.3579672693616545,0.005689164727178691,"[-0.14979710625798215, -0.19251776920375363, -0.26132000851738457]",0.062322213602275675,0.40483927291144933,0.14428276319775568,0.03264705882352941,1.0194235073848097,0.03264705882352941,"[0.16360305612182813, 0.15866391838522353, 0.11058131508621538]",-0.1335910149074866,0.007352941176470588,1.3177261623575844,0.007352941176470588,"[-0.06743611958155005, -0.11879951230175356, -0.21453741283915617]",0.02529411764705882,0.2778737781052423
unit,2,3867,main_s0,0.7794987804370749,0.3850129198966408,0.4448716607904198,0.4095607235142119,"[0.7767530816332312, 0.740866264609594, 0.8208769950683995]",0.2645879682625796,0.09302325581395349,0.89106320909206,0.12015503875968993,"[0.2693759640383161, 0.15006739409131153, 0.3743205466581111]",0.289405684754522,0.5149108121744953,-1.1087367754606088,0.10499094905611585,1.20429542852517,0.11998965606413241,"[-1.356499553644309, -1.1121980725536091, -0.8575127001839078]",-5.676199008937428,0.005430566330488751,2.469942644839926,0.009568140677527799,"[-4.96171195258509, -3.357880103916952, -8.709004970310245]",0.11042151538660461,4.567462233476819,-1.281658345616485,0.08970588235294118,1.3131565570131893,0.1038235294117647,"[-1.811867417991217, -1.4590974447240566, -0.5740101741341812]",-6.623257553254533,0.0035294117647058825,2.516212302265579,0.007058823529411765,"[-9.778961003448059, -2.5892231226344062, -7.501588533681135]",0.09676470588235293,5.341599207638048
unit,4,3867,main_s0,0.8097862734445561,0.4470284237726098,0.41396262855120614,0.46770025839793283,"[0.8037052299156363, 0.771839648000028, 0.8538139424180038]",0.27982862261416735,0.0917312661498708,0.9103343092935107,0.12403100775193798,"[0.28260259023649914, 0.18540717209479074, 0.37147610551121213]",0.34366925064599485,0.5299576508303887,-1.3578887466694127,0.13576415826221877,1.1902784251351621,0.15438324282389448,"[-0.973865030894369, -1.4673001262877747, -1.6325010828260944]",-4.114891994000794,0.00517196793379881,2.2825120366626814,0.005689164727178691,"[-3.5802200851279693, -4.361572198505697, -4.402883698368714]",0.14869407809671578,2.7570032473313812,-1.1401461501242902,0.10352941176470588,1.2626312753623898,0.11676470588235294,"[-1.1832192759720597, -1.0200228309983634, -1.2171963434024473]",-5.917088391167115,0.005,2.4452370678553104,0.007058823529411765,"[-5.385612585860553, -7.487969213749013, -4.877683373891781]",0.10970588235294117,4.776942241042825
unit,6,3867,main_s0,0.7328793916563844,0.34366925064599485,0.4807882882096355,0.3733850129198966,"[0.6965792368576321, 0.6839490330307851, 0.818109905080736]",0.198729155923427,0.060723514211886306,0.9875425573319685,0.08656330749354005,"[0.20359417675033098, 0.20223234505950594, 0.19036094596044406]",0.28682170542635654,0.5341502357329574,-0.7436338699152936,0.10680113783294544,1.1366641223668261,0.12205844323765193,"[-1.2373543821868767, -0.7450685234756251, -0.2484787040833787]",-4.540211852251638,0.00491336953710887,2.3794006623333193,0.00982673907421774,"[-5.358337742357947, -4.119624304422567, -4.142673509974399]",0.11223170416343418,3.796577982336345,-1.0985946943102807,0.08764705882352941,1.2889324512131803,0.10088235294117646,"[-1.6495751876951301, -1.1546430312919926, -0.49156586394371926]",-4.96611545624321,0.004705882352941176,2.469202697662016,0.008529411764705883,"[-5.599353174973943, -4.521383918266649, -4.777609275489038]",0.09235294117647058,3.867520761932929
unit,8,3867,main_s0,0.7593795969811991,0.35012919896640826,0.46952501085364645,0.3850129198966408,"[0.7416376806223075, 0.7148265613746566, 0.8216745489466328]",0.19637652959599614,0.040051679586563305,0.9922518505114006,0.06976744186046512,"[0.23908938840837002, 0.2195906984909498, 0.13044950188866855]",0.3152454780361757,0.5630030673852029,-0.10571543492176905,0.10602534264287561,0.9723561364293879,0.12464442720455134,"[-0.007437688644742035, -0.5749900789710909, 0.2652814628505258]",-3.603416596212061,0.005947763123868632,2.2818615622866636,0.01060253426428756,"[-2.495147212486777, -3.6646766175794845, -4.6504259585699215]",0.11404189294026378,3.4977011612902915,-0.12713614701630307,0.0888235294117647,1.0573500168347256,0.10176470588235294,"[-0.062127454901819146, -0.38513676137238506, 0.06585577522529495]",-2.775008937649171,0.0035294117647058825,2.1374018667809955,0.006176470588235294,"[-2.549305414808117, -2.6607923624225442, -3.1149290357168526]",0.09558823529411764,2.6478727906328676
unit,10,3867,main_s0,0.7201997446606212,0.25064599483204136,0.5281758625365146,0.3023255813953488,"[0.6979729448528725, 0.6702151466601968, 0.7924111424687943]",-0.07635879082884871,0.023255813953488372,1.1426532661604867,0.04780361757105943,"[0.03461113723203413, -0.13180852126979414, -0.1318789884487861]",0.2545219638242894,0.7965585354894699,0.10738408817671659,0.08818205327126971,0.9151463716041783,0.11585208171709335,"[0.1674577187397316, -0.07178319319689419, 0.22647773898731238]",-2.9429260915449267,0.003878975950349108,2.238986664428789,0.005947763123868632,"[-3.2320433724681576, -2.7419085158690075, -2.8548263862976158]",0.10990431859322472,3.0503101797216434,0.11043561435489484,0.08,0.9522276483308159,0.09970588235294117,"[0.11999802293662498, 0.005408837052030102, 0.2058999830760294]",-2.646429369910062,0.004411764705882353,2.1280383151148756,0.007352941176470588,"[-2.516148427642414, -2.4825578068200462, -2.9405818752677257]",0.09235294117647058,2.756864984264957
unit,12,3867,main_s0,0.7371185216338665,0.2661498708010336,0.5240686587591452,0.31912144702842377,"[0.752624420284872, 0.6961568198571346, 0.762574324759593]",-0.13993756634405097,0.020671834625323,1.2011184668213348,0.05167958656330749,"[-0.045486009175524256, -0.21432071480498682, -0.16000597505164182]",0.26744186046511625,0.8770560879779175,0.19380496724375143,0.10318076027928627,0.86159938869876,0.12205844323765193,"[0.08691182205375947, 0.19769902261561578, 0.29680405706187907]",-2.487681541222044,0.0018101887768295836,2.0883430862976424,0.004396172743728989,"[-2.244319878305716, -3.0402095974100236, -2.178515147950393]",0.11766227049392294,2.6814865084657953,0.2624190605185573,0.09029411764705883,0.8844522677007698,0.10676470588235294,"[0.17183197256044958, 0.2707065044861702, 0.34471870450905207]",-2.14001947581774,0.003823529411764706,2.0088582438126426,0.007647058823529412,"[-1.8989744429413844, -2.269317566846644, -2.2517664176651913]",0.09911764705882353,2.4024385363362972
unit,14,3867,main_s0,0.7167065965993022,0.19767441860465115,0.5469441873941516,0.2364341085271318,"[0.6963553623412397, 0.6866971870012731, 0.7670672404553939]",-0.14099683816984454,0.020671834625323,1.2096655189038017,0.05167958656330749,"[-0.10344979744131866, -0.13906813509841465, -0.18047258196980032]",0.1847545219638243,0.8577034347691468,0.170846718640745,0.09335402120506853,0.8814325701407129,0.1143004913369537,"[-0.028157430591277288, 0.20590948672504028, 0.334788099788472]",-2.185019637871918,0.00517196793379881,2.0502055353673323,0.01060253426428756,"[-2.194100412215113, -1.974207692801274, -2.3867508085993676]",0.10369795707266614,2.355866356512663,0.13034559750168007,0.07441176470588236,0.9578922146493021,0.08941176470588236,"[-0.1548407922922992, 0.24312124926969914, 0.30275633552764025]",-2.211966865232497,0.005,2.03253994730776,0.00823529411764706,"[-1.6466218304500821, -2.2558325175241456, -2.733446247723263]",0.0811764705882353,2.342312462734177
unit,16,3867,main_s0,0.6948012767166012,0.19767441860465115,0.5667006043070714,0.2441860465116279,"[0.6619370871059004, 0.661056590001441, 0.7614101530424622]",-0.21938103820554708,0.021963824289405683,1.2695296005691616,0.046511627906976744,"[-0.15514774372512075, -0.3063103814196435, -0.19668498947187696]",0.19767441860465115,0.9141823149221483,0.26150615669170046,0.09516420998189812,0.8490836157101992,0.12231704163434187,"[0.1408514401105373, 0.23963514838876687, 0.4040318815757973]",-1.8855767025385946,0.0036203775536591673,1.9688775144521355,0.0072407551073183345,"[-1.5114437331721255, -2.1991108829498316, -1.9461754914938263]",0.11507628652702354,2.147082859230295,0.26052566793248616,0.08294117647058824,0.9044548849544177,0.10147058823529412,"[0.0808810232810876, 0.3098448331554332, 0.3908511473609376]",-1.9931442719754333,0.00411764705882353,1.9934318792011005,0.006176470588235294,"[-1.84570711556007, -2.3774341021805085, -1.756291598185722]",0.09529411764705882,2.2536699399079194
unit,18,3867,main_s0,0.6835442072080377,0.18992248062015504,0.5797881381096869,0.2364341085271318,"[0.6512158733339415, 0.6723288231395176, 0.7270879251506539]",-0.3401288908060665,0.025839793281653745,1.2974610967773377,0.056847545219638244,"[-0.16415445358663106, -0.38868676670027913, -0.4675454521312894]",0.17958656330749354,1.0236730980141042,0.2644975811204181,0.09335402120506853,0.8527321697251852,0.117403672097233,"[0.11272665128934867, 0.33150686365222126, 0.3492592284196844]",-1.920120143719614,0.006464959917248513,1.981454229532204,0.008275148694078097,"[-1.5405485118993272, -2.119890896278996, -2.099921022980519]",0.1091285234031549,2.1846177248400322,0.25100173040633994,0.07558823529411765,0.9078600421803547,0.09529411764705882,"[0.03722419789348952, 0.29328228154142266, 0.4224987117841077]",-1.7956200245737595,0.0035294117647058825,1.9303914003496003,0.007941176470588234,"[-1.5770800435410108, -2.2556766295415946, -1.5541034006386725]",0.08735294117647059,2.0466217549800994
unit,20,3867,main_s0,0.7071783500217351,0.21705426356589147,0.5550677019181846,0.25193798449612403,"[0.6828756806767592, 0.6722224431771553, 0.7664369262112909]",-0.2601100711435765,0.028423772609819122,1.2589172983203567,0.046511627906976744,"[-0.22010528998327827, -0.3143021020361092, -0.24592282141134203]",0.2054263565891473,0.9672884211653117,0.3538971037111937,0.10033617791569692,0.8113712894874532,0.12102404965089217,"[0.17836649320308384, 0.3722843434933506, 0.5110404744371466]",-1.7199986682866732,0.005430566330488751,1.9206694844457024,0.008792345487457979,"[-1.6436250764301916, -1.74962963535702, -1.7667412930728075]",0.11223170416343418,2.073895771997867,0.35874683134462987,0.08147058823529411,0.8513658828777717,0.0976470588235294,"[0.16513951724708298, 0.3930271773162546, 0.5180737994705522]",-1.4545889420166167,0.006176470588235294,1.8208225517035188,0.01,"[-1.1295104480806333, -1.7597011252245216, -1.474555252744695]",0.08764705882352941,1.8133357733612465
unit,22,3867,main_s0,0.7118462625325349,0.22739018087855298,0.5499867019464136,0.2713178294573643,"[0.6910368951543131, 0.6815228104927565, 0.7629790819505352]",-0.1898154419762447,0.029715762273901807,1.2407373600991556,0.04909560723514212,"[-0.19773420007966336, -0.22867835233041478, -0.14303377351865598]",0.2222222222222222,0.9016617045087796,0.3613958178192716,0.10059477631238686,0.7979354311335335,0.12361003361779158,"[0.2949200569197543, 0.3360701426130257, 0.45319725392503485]",-1.8191367580555997,0.0036203775536591673,1.9334784487859487,0.005430566330488751,"[-1.9748321473928665, -1.5658914715461836, -1.9166866552277493]",0.11817946728730283,2.1805325758748713,0.28154696590561085,0.07941176470588235,0.8937755821539345,0.0976470588235294,"[0.09959166366513572, 0.346486424628475, 0.39856280942322186]",-1.5344802192475369,0.0058823529411764705,1.8433049834132487,0.007647058823529412,"[-1.3846183260641634, -1.437263255698502, -1.7815590759799451]",0.09,1.8160271851531478
unit,24,3867,main_s0,0.7338084791934186,0.2144702842377261,0.5382756427007436,0.25064599483204136,"[0.7056911650208448, 0.7266752778729979, 0.7690589946864131]",-0.13645910394561186,0.01937984496124031,1.2090481790143621,0.040051679586563305,"[-0.070204871116619, -0.20448825270533422, -0.13468418801488236]",0.21059431524547806,0.8702675831390305,0.3661352031578704,0.10188776829583657,0.8003133979921669,0.12412723041117145,"[0.3630759772719585, 0.3643633262489687, 0.3709663059526841]",-1.8064081721515295,0.00517196793379881,1.9278060631466887,0.01034393586759762,"[-1.7423994684896447, -1.9998466501876848, -1.6769783977772588]",0.11378329454357383,2.1725433753093997,0.347325761248449,0.07794117647058824,0.8507639813025062,0.09470588235294118,"[0.17970241712242097, 0.40580275102827457, 0.4564721155946514]",-1.4349145083607138,0.00411764705882353,1.80932764458817,0.006764705882352941,"[-1.184906892578339, -1.9496050619418317, -1.1702315705619704]",0.08794117647058824,1.7822402696091628
unit,26,3867,main_s0,0.7390353736582215,0.2222222222222222,0.5284531855864272,0.25452196382428943,"[0.699580795774577, 0.7311454650550299, 0.7863798601450575]",-0.10065286119308785,0.03875968992248062,1.2011674416606843,0.06201550387596899,"[-0.09338338840331661, -0.08053971870795062, -0.1280354764679963]",0.19250645994832044,0.8396882348513093,0.2561974634093725,0.10680113783294544,0.8287289308456472,0.1300749935350401,"[0.20506556556064115, 0.22310547297940297, 0.3404213516880734]",-2.210089255094367,0.002585983966899405,2.0143322370838512,0.005947763123868632,"[-2.0140209030100893, -2.714538036361729, -1.9017088259112822]",0.12412723041117146,2.4662867185037394,0.33964536874357054,0.09705882352941177,0.8431586061667322,0.11352941176470588,"[0.26013919200667335, 0.35530285384621274, 0.40349406037782554]",-1.8885312481316572,0.004705882352941176,1.9059925334900618,0.007058823529411765,"[-1.665925989617151, -2.556172019029943, -1.4434957357478777]",0.10647058823529411,2.2281766168752277
unit,28,3867,main_s0,0.7325431980881681,0.19767441860465115,0.5325994470945266,0.24806201550387597,"[0.6971565716642595, 0.7099828665597303, 0.7904901560405142]",-0.27666624436792353,0.01937984496124031,1.2522991168177162,0.041343669250646,"[-0.17074288580111063, -0.33860857917668685, -0.3206472681259731]",0.20671834625322996,1.0092094424560916,0.1040814139405876,0.10343935867597621,0.8639433367879327,0.1274890095681407,"[-0.07438329129220866, 0.1659485697936086, 0.22067896332036285]",-2.5994706123242723,0.0036203775536591673,2.065111388981955,0.01060253426428756,"[-2.3397799082313337, -2.4087152130165843, -3.0499167157248985]",0.11688647530385313,2.70355202626486,0.010950503557196697,0.09029411764705883,0.943492689099455,0.11441176470588235,"[-0.5047435288552713, 0.18189742471815407, 0.3556976148087073]",-2.5352462009587184,0.004411764705882353,2.0522535641498716,0.006764705882352941,"[-2.243826904603254, -3.0615443906168123, -2.300367307656089]",0.10764705882352942,2.546196704515915
unit,30,3867,main_s0,0.6979103242542513,0.21188630490956073,0.5576502799917201,0.24935400516795866,"[0.7045280333256829, 0.641474014041167, 0.7477289253959039]",-0.2338304418864834,0.016795865633074936,1.243025341672818,0.03488372093023256,"[-0.22220398726003632, -0.33731286677674355, -0.1419744716226703]",0.2144702842377261,0.9317407661407346,-0.18299057412818787,0.10499094905611585,0.9500842829007787,0.12981639513835014,"[-0.24349106750380067, -0.4026341482543012, 0.09715349337353829]",-2.8968330464584047,0.005689164727178691,2.1383351377434607,0.008016550297388157,"[-2.8671609881168747, -3.1063461420490004, -2.71699200920934]",0.12179984484096198,2.713842472330217,-0.0968009877871326,0.0826470588235294,0.9827058249710164,0.10264705882352941,"[-0.4045102756908896, -0.07451474743400799, 0.18862205976349977]",-2.7648962312430343,0.005,2.047943118208033,0.007647058823529412,"[-2.546607510688623, -3.981486546837676, -1.766594636202805]",0.095,2.6680952434559018
unit,32,3867,main_s0,0.664968266250436,0.18733850129198967,0.5803093643895929,0.23126614987080105,"[0.6275241666239981, 0.6411981108701186, 0.7261825212571913]",-0.26907562364551985,0.015503875968992248,1.265491621563986,0.03617571059431524,"[-0.12755642845002702, -0.30169541342082606, -0.37797502906570646]",0.1950904392764858,0.9340438898959559,-0.3193897233296839,0.09490561158520817,0.9901107226118462,0.11817946728730282,"[-0.6654263205958755, -0.1518291479250382, -0.1409137014681381]",-3.0387955595227987,0.0036203775536591673,2.157396234083915,0.008533747090768037,"[-2.4857117544895746, -3.417313681955318, -3.2133612421235043]",0.10964572019653478,2.719405836193115,-0.2783942415672392,0.07411764705882352,1.0706787453873046,0.08852941176470588,"[-0.616992466577402, -0.12846334773800927, -0.08972691038630631]",-2.4126624091506383,0.004411764705882353,1.9730913459540655,0.007941176470588234,"[-2.0108143911914933, -2.965863329844455, -2.2613095064159676]",0.08058823529411765,2.134268167583399
unit,34,3867,main_s0,0.6208139907244519,0.1937984496124031,0.6111405886786698,0.23255813953488372,"[0.5404188903127369, 0.6093787398781124, 0.7126443419825064]",-0.3623893709756553,0.020671834625323,1.2956726315297333,0.04392764857881137,"[-0.4067187005576187, -0.31671797024473136, -0.36373144212461583]",0.18863049095607234,0.9832033617001072,-0.28134299624784453,0.0874062580811999,0.9955384487005392,0.11119731057667442,"[-0.659449022839534, -0.25752765387821364, 0.07294768797421403]",-3.1015147067165025,0.0036203775536591673,2.163977969434787,0.008533747090768037,"[-2.312278546591886, -2.868275633027662, -4.1239899405299605]",0.10266356348590638,2.820171710468658,-0.18230429562219064,0.07764705882352942,1.0297753858778114,0.09941176470588235,"[-0.5421737735369128, 0.1048615029292087, -0.10960061625886786]",-2.963020666435714,0.0058823529411764705,2.092557642720092,0.008823529411764706,"[-1.956255859870502, -2.7597747371182058, -4.1730314023184345]",0.09058823529411765,2.7807163708135234
unit,36,3867,main_s0,0.5818754451270624,0.18604651162790697,0.6368363413808933,0.21963824289405684,"[0.5431602997797919, 0.5453280424781997, 0.6571379931231953]",-0.6114284202200123,0.031007751937984496,1.346319901746514,0.040051679586563305,"[-0.4325485192447447, -0.8618248850047849, -0.5399118564105074]",0.17958656330749354,1.1933038653470747,-0.6041322254016935,0.09361261960175847,1.0461684033735776,0.11895526247737263,"[-0.5743966362765942, -0.9063756548959159, -0.33162438503257063]",-3.5479608029675007,0.004654771140418929,2.2274511990073638,0.006464959917248513,"[-3.014418326217876, -3.98569874514725, -3.6437653375373777]",0.11249030256012411,2.943828577565807,-0.4019181131940031,0.07,1.0888760431622173,0.09,"[-0.463346586079727, -0.7031714513015619, -0.039236302200720496]",-2.998721310687715,0.003823529411764706,2.1022494238041634,0.00411764705882353,"[-2.817186899748897, -3.2071227629095675, -2.9718542694046786]",0.08588235294117647,2.5968031974937116
mention_end,0,3867,main_s0,-0.002170562992719819,0.07881136950904392,1.0981697317575403,0.07881136950904392,"[-0.0013898495950170897, -0.005246087007793054, 0.00012424762465068628]",-0.0014327956870428353,0.00904392764857881,1.236377356873952,0.00904392764857881,"[-0.005149673480227213, 0.0007948032072194744, 5.648321187923244e-05]",0.06976744186046512,-0.0007377673056769838,-0.0025155734693370255,0.08844065166795965,1.0926430604959518,0.08844065166795965,"[-0.001327619521094503, -0.00459896046330055, -0.0016201404236160233]",-0.013487634667953182,0.0072407551073183345,1.2561953585589192,0.0072407551073183345,"[-0.007206932291986323, -0.013143944729717472, -0.02011202698215575]",0.08119989656064132,0.010972061198616156,-0.020487695113905025,0.10058823529411764,1.191497850754828,0.10058823529411764,"[-0.027085811355758826, -0.02393825069940525, -0.010439023286550997]",-0.01003303274572224,0.00823529411764706,1.257284994864398,0.00823529411764706,"[-0.0029968424656368065, -0.012872893532713592, -0.014229362238816323]",0.09235294117647058,-0.010454662368182785
mention_end,2,3867,main_s0,0.7324507043663627,0.24160206718346253,0.5305860476611659,0.25064599483204136,"[0.7127898981813936, 0.7389885169785146, 0.7455736979391802]",0.16938563319599745,0.059431524547803614,1.0503857015390639,0.06589147286821706,"[0.14994174130302673, 0.16731446582217457, 0.19090069246279107]",0.1847545219638243,0.5630650711703653,0.47644286789742524,0.12283423842772175,0.7358874203780943,0.1251616239979312,"[0.4390831487011161, 0.5240341972105088, 0.46621125778065076]",-0.5284238847155042,0.005947763123868632,1.4839523868172004,0.0062063615205585725,"[-0.5354391989043865, -0.5613892073054987, -0.4884432479366272]",0.11895526247737263,1.0048667526129293,0.4112124751147552,0.09352941176470589,0.8236433560353722,0.09529411764705882,"[0.31113474014230935, 0.5203084719651402, 0.40219421323681614]",-0.411080053862604,0.007647058823529412,1.4282906253316312,0.00823529411764706,"[-0.3496206136668871, -0.42835575556431094, -0.45526379235661385]",0.08705882352941176,0.8222925289773593
mention_end,4,3867,main_s0,0.7459573764768518,0.2235142118863049,0.5250704201302531,0.2351421188630491,"[0.7154779610672073, 0.769174234951296, 0.7532199334120524]",0.0994264262722369,0.03488372093023256,1.096568803452148,0.046511627906976744,"[0.14462027857882298, 0.09093114726586704, 0.06272785297202066]",0.18863049095607234,0.6465309502046149,0.5279818453694033,0.12542022239462117,0.7043709898143223,0.13162658391517973,"[0.4973906894990563, 0.5683844786536532, 0.5181703679555005]",-0.6337030574070415,0.0069821567106283944,1.5465599394849812,0.007757951900698216,"[-0.5711847441436881, -0.6600791693080621, -0.6698452587693742]",0.12386863201448152,1.1616849027764449,0.4802212718879179,0.09441176470588235,0.7794814427916472,0.09794117647058824,"[0.3984669581575514, 0.5990193413432667, 0.44317751616293566]",-0.5565083853712114,0.0058823529411764705,1.510074987478335,0.006470588235294118,"[-0.45192006669663276, -0.6113195798229496, -0.6062855095940518]",0.09147058823529412,1.0367296572591294
mention_end,6,3867,main_s0,0.6452868919636146,0.13049095607235142,0.6255150209120848,0.1434108527131783,"[0.6420525128956553, 0.6570763051319807, 0.6367318578632076]",0.0077992831873335096,0.027131782945736434,1.158652143858527,0.03488372093023256,"[-0.00012451671679802878, 0.06424638064397714, -0.040724014365178585]",0.10852713178294573,0.6374876087762811,0.4203653846078623,0.07990690457719161,0.7901447772525033,0.08585466770106025,"[0.376512614763276, 0.5202202033645533, 0.36436333569575774]",-0.6200013102343889,0.008792345487457979,1.5274510220453912,0.008792345487457979,"[-0.6265976693757425, -0.5360111394428648, -0.6973951218845593]",0.07706232221360226,1.0403666948422512,0.39559679936559117,0.05911764705882353,0.8616964933013215,0.06382352941176471,"[0.3150622283122574, 0.525243756659868, 0.3464844131246483]",-0.5005047929185663,0.009117647058823529,1.468628658733568,0.01,"[-0.4219684070514862, -0.40993056705785436, -0.6696154046463585]",0.05382352941176471,0.8961015922841575
mention_end,8,3867,main_s0,0.6060020785553452,0.1511627906976744,0.6576001914659263,0.15891472868217055,"[0.5644031623832761, 0.6377019698347511, 0.6159011034480084]",-0.14513825036273884,0.01808785529715762,1.233625021638007,0.02454780361757106,"[-0.133220087248475, -0.10908467988060022, -0.19310998395914125]",0.1343669250645995,0.751140328918084,0.3795632215048377,0.0804241013705715,0.808571614913977,0.08766485647788984,"[0.32579576161963, 0.4733000368490372, 0.33959386604584574]",-0.9007219965542536,0.009309542280837859,1.620513059073259,0.01008533747090768,"[-0.8657835066152753, -0.9937744812932066, -0.842608001754279]",0.07757951900698215,1.2802852180590913,0.3008103166551473,0.06911764705882353,0.8937908824319568,0.075,"[0.1438581486400906, 0.4877565771508048, 0.2708162241745464]",-0.6653679237834055,0.006470588235294118,1.5243007062198413,0.006470588235294118,"[-0.5306826956451838, -0.7572206454723613, -0.7082004302326712]",0.06852941176470588,0.9661782404385528
mention_end,10,3867,main_s0,0.5991898794214366,0.1020671834625323,0.6623581226860573,0.1227390180878553,"[0.6093259752322988, 0.6415604245251437, 0.5466832385068674]",-0.49140403385388165,0.016795865633074936,1.4042007707550312,0.02454780361757106,"[-0.5301135285916347, -0.5067372804272474, -0.4373612925427628]",0.09819121447028424,1.0905939132753182,0.33759697340029,0.08197569175071115,0.8226831313156817,0.09516420998189812,"[0.37535711247008796, 0.42152624768190705, 0.2159075600488749]",-1.213483658859584,0.004654771140418929,1.7383603799952434,0.005689164727178691,"[-1.1522305371427164, -1.274411537343001, -1.2138089020930352]",0.08947504525471943,1.551080632259874,0.3537310245207513,0.06529411764705882,0.8769882677926445,0.07735294117647058,"[0.3471508898743588, 0.4715793492030368, 0.24246283448485828]",-1.0065945529184273,0.007352941176470588,1.651417786773915,0.009411764705882352,"[-0.8914470827603196, -1.0379919306084062, -1.0903446453865562]",0.06794117647058823,1.3603255774391785
mention_end,12,3867,main_s0,0.4596846351155672,0.08527131782945736,0.7623432327244787,0.11369509043927649,"[0.43225091534526305, 0.5277952782684305, 0.419007711733008]",-0.7615637979982038,0.00904392764857881,1.5166408027779763,0.014211886304909561,"[-0.6794122926095851, -0.7146319281443791, -0.8906471732406471]",0.09948320413436693,1.221248433113771,0.2977295298520967,0.06413240237910525,0.8556134293302052,0.07680372381691233,"[0.27828891786326526, 0.38821504348674907, 0.22668462820627577]",-1.2843178745046842,0.005430566330488751,1.7479575023516243,0.0074993535040082755,"[-1.2703031114018088, -1.1434483255761023, -1.4392021865361415]",0.06930437031290405,1.582047404356781,0.327642326252745,0.057058823529411766,0.8871990494015536,0.06823529411764706,"[0.2799411978872398, 0.46684457624157016, 0.236141204629425]",-1.2824085213903864,0.005294117647058823,1.7579390473386236,0.006764705882352941,"[-1.240589518467535, -1.1938190374727893, -1.4128170082308351]",0.06147058823529412,1.6100508476431314
mention_end,14,3867,main_s0,0.3298416641061417,0.07364341085271318,0.8446494351228592,0.09043927648578812,"[0.2822380753293878, 0.4367129534991183, 0.2705739634899189]",-0.9230045123617362,0.0103359173126615,1.5910042292902906,0.01808785529715762,"[-0.7549262549218572, -0.9412509903743136, -1.0728362917890375]",0.0723514211886305,1.252846176467878,0.18505701671072214,0.05171967933798811,0.9292331835745213,0.06490819756917507,"[0.15038479541337035, 0.31919999213863504, 0.085586262580161]",-1.2571986409196538,0.0033617791569692267,1.754055970576813,0.004654771140418929,"[-1.1897357947588705, -1.2378329751500665, -1.3440271528500247]",0.06025342642875614,1.442255657630376,0.19696557364103454,0.047058823529411764,0.9755067711929772,0.05647058823529412,"[0.11748833737307729, 0.4039130672891451, 0.06949531626088123]",-1.2255876053601311,0.004705882352941176,1.7483172205028434,0.006470588235294118,"[-1.0780965314062252, -1.181620088937585, -1.4170461957365834]",0.05,1.4225531790011656
mention_end,16,3867,main_s0,0.20804570694273902,0.041343669250646,0.9301166223886709,0.059431524547803614,"[0.15951032932989306, 0.38313820783920205, 0.08148858365912193]",-0.8835637729753101,0.0103359173126615,1.5895780181186554,0.011627906976744186,"[-0.872448870249267, -0.8278701926847216, -0.9503722559919416]",0.04780361757105943,1.0916094799180491,0.07571685948327878,0.047323506594259115,0.9898780777879588,0.060512024825446084,"[0.01787760966942875, 0.276680730875819, -0.06740776209541144]",-1.2962940097232296,0.005689164727178691,1.7687665676127924,0.0072407551073183345,"[-1.3357558031309864, -1.1862773607763755, -1.3668488652623272]",0.05327126971812775,1.3720108692065085,0.12114593577499333,0.03823529411764706,1.0281939542446943,0.04588235294117647,"[0.06718339347859836, 0.3251616027027293, -0.028907188856347688]",-1.139842090197857,0.005294117647058823,1.7221815400556022,0.007647058823529412,"[-1.1144014613412416, -1.0421982901646527, -1.2629265190876766]",0.03823529411764706,1.2609880259728503
mention_end,18,3867,main_s0,0.22867366193097224,0.05167958656330749,0.9084302486112208,0.07235142118863049,"[0.16309720597962596, 0.3589884667482851, 0.16393531306500564]",-1.12348680678797,0.011627906976744186,1.6530956855648606,0.023255813953488372,"[-1.0681240502996587, -1.1679152066499756, -1.1344211634142756]",0.049095607235142114,1.3521604687189421,0.12571079613771155,0.04809930178432894,0.968865733973585,0.06232221360227567,"[0.03991944540568537, 0.2585035586063924, 0.0787093844010569]",-1.5051081120208327,0.004654771140418929,1.848350581926484,0.0069821567106283944,"[-1.544219209173003, -1.3768878534841895, -1.5942172734053064]",0.055340056891647275,1.6308189081585442,0.09694766402200716,0.03588235294117647,1.041645380047643,0.047058823529411764,"[0.007837660937011104, 0.2957856368313099, -0.012780305702299488]",-1.3424845641993937,0.004411764705882353,1.7879289430925878,0.005294117647058823,"[-1.2938572418299552, -1.315608639834121, -1.4179878109341049]",0.04176470588235294,1.439432228221401
mention_end,20,3867,main_s0,0.3340626384768095,0.060723514211886306,0.8500204825618214,0.082687338501292,"[0.2915613571964759, 0.37895881622942384, 0.33166774200452875]",-0.9442560426754744,0.0103359173126615,1.5836236683329332,0.01808785529715762,"[-0.9933712201846832, -0.8850794382049783, -0.9543174696367613]",0.06459948320413438,1.278318681152284,0.15289097799199156,0.05016808895784846,0.9488194060447904,0.06801137832945436,"[0.042508194450951775, 0.27977459689489736, 0.1363901426301255]",-1.3384423670469137,0.00491336953710887,1.7882007505613358,0.006464959917248513,"[-1.2756915264233668, -1.3368313785058068, -1.402804196211568]",0.06154641841220585,1.4913333450389052,0.16438517424543655,0.047058823529411764,0.9966394943824294,0.060588235294117644,"[0.04868439393128776, 0.31442019876546035, 0.13005093003956159]",-1.21155326849193,0.007058823529411765,1.7376692911883926,0.009117647058823529,"[-1.0857536459420487, -1.2759978826319371, -1.2729082769018039]",0.051470588235294115,1.3759384427373664
mention_end,22,3867,main_s0,0.30522384545293196,0.06976744186046512,0.8504136696291011,0.0917312661498708,"[0.2287569724327888, 0.38206684416417214, 0.3048477197618349]",-0.7411027846992658,0.011627906976744186,1.509816556163036,0.016795865633074936,"[-0.6892608313168747, -0.6289764623084535, -0.9050710604724692]",0.07493540051679587,1.0463266301521978,0.1902440175317255,0.05223687613136799,0.9263038627816813,0.06620118955262477,"[0.06164610403727244, 0.34046941804025477, 0.16861653051764935]",-1.2156455657518848,0.004654771140418929,1.741397924544546,0.008016550297388157,"[-1.1367814335553161, -1.1911738502024098, -1.3189814134979283]",0.05818463925523662,1.4058895832836102,0.1865059941495361,0.04176470588235294,0.9907642386709431,0.04794117647058824,"[0.05509759159235317, 0.38920950001139654, 0.11521089084485858]",-1.015811992163665,0.006764705882352941,1.6679329127354512,0.009411764705882352,"[-0.9917195312165243, -0.9833896223616627, -1.0723268229128076]",0.03852941176470588,1.2023179863132012
mention_end,24,3867,main_s0,0.4713114751664689,0.10465116279069768,0.7433691755816353,0.13824289405684753,"[0.3996889487544075, 0.528969246606338, 0.48527623013866106]",-0.5333009584701017,0.011627906976744186,1.4261736402498248,0.012919896640826873,"[-0.4734646892640588, -0.4697788187043921, -0.6566593674418542]",0.12532299741602065,1.0046124336365705,0.36145743596589447,0.07835531419705198,0.8243422733401289,0.09102663563485906,"[0.2972010133886125, 0.46652614400284964, 0.3206451505062212]",-1.0098716852338114,0.00517196793379881,1.6748185973320953,0.005689164727178691,"[-1.0543805175992618, -0.8959659075274624, -1.0792686305747101]",0.08533747090768037,1.3713291211997058,0.3220590464406519,0.06294117647058824,0.8978896427326196,0.07529411764705882,"[0.21489834393573115, 0.4714314711644445, 0.27984732422178005]",-0.8508899784503322,0.008823529411764706,1.6146220582205,0.010588235294117647,"[-0.9199961793977305, -0.7404189675014949, -0.8922547884517709]",0.06470588235294117,1.1729490248909842
mention_end,26,3867,main_s0,0.46047991506585423,0.08656330749354005,0.755242865766871,0.10852713178294573,"[0.39816106135321505, 0.5411154542571982, 0.4421632295871495]",-0.5284500538812832,0.012919896640826873,1.4168937387126181,0.015503875968992248,"[-0.4803652629424815, -0.42130708302485065, -0.6836778156765175]",0.09302325581395349,0.9889299689471374,0.3205504529118846,0.07576933023015257,0.8368097208289378,0.09050943884147919,"[0.2483100959591218, 0.4419099494419426, 0.2714313133345895]",-1.1026692724475147,0.00491336953710887,1.698488437458451,0.0067235583139384535,"[-1.1046787148829766, -0.927215789070919, -1.2761133133886484]",0.08378588052754074,1.4232197253593992,0.2817196529736082,0.05676470588235294,0.9091709629555835,0.06794117647058824,"[0.1888598598605592, 0.4679807442049826, 0.1883183548552828]",-0.9243105360147799,0.007058823529411765,1.620367204754376,0.007941176470588234,"[-0.9108878821447732, -0.8283910449247467, -1.0336526809748197]",0.060000000000000005,1.206030188988388
mention_end,28,3867,main_s0,0.46622458180007637,0.11627906976744186,0.7324787351839456,0.12790697674418605,"[0.4868201192057916, 0.4924968185912908, 0.41935680760314686]",-0.5597717019431485,0.012919896640826873,1.4207181347442612,0.01808785529715762,"[-0.48926930672185076, -0.6211191186671279, -0.5689266804404669]",0.10981912144702843,1.0259962837432248,0.3416555555442324,0.07835531419705198,0.8179764259491319,0.09723299715541764,"[0.300684723300498, 0.42977814767608047, 0.2945037956561187]",-1.056055949229822,0.007757951900698216,1.6756153201451787,0.008792345487457979,"[-1.0482450376279706, -0.9110344188325152, -1.2088883912289803]",0.08844065166795965,1.3977115047740545,0.3008539102459376,0.06294117647058824,0.900606100424832,0.07147058823529412,"[0.23882880776321835, 0.47791858931310716, 0.18581433366148725]",-0.9167141383992562,0.0058823529411764705,1.6241285488626682,0.007647058823529412,"[-0.9472184297857016, -0.8736254551283511, -0.9292985302837158]",0.06382352941176471,1.2175680486451939
mention_end,30,3867,main_s0,0.3952805355639053,0.08397932816537468,0.7845962317524081,0.10594315245478036,"[0.405188992166605, 0.44030480886741097, 0.34034780565769984]",-0.6429448992715568,0.012919896640826873,1.4328799200253073,0.020671834625323,"[-0.6945474931682372, -0.6506869854814961, -0.5836002191649372]",0.08527131782945736,1.038225434835462,0.2443142824227037,0.06645978794931472,0.8585879198372565,0.08068269976726145,"[0.2172372968858256, 0.35585208514372746, 0.15985346523855803]",-1.0949820944150523,0.00491336953710887,1.6910267177647378,0.005947763123868632,"[-1.1086061216905665, -0.9477794370771297, -1.2285607244774606]",0.07473493664339281,1.3392963768377562,0.20995498534034515,0.052941176470588235,0.9458678144311495,0.06441176470588235,"[0.0988578253275969, 0.3896962574138201, 0.14131087327961844]",-1.0201884086022968,0.004705882352941176,1.651103865757548,0.0058823529411764705,"[-1.0423107734995654, -0.8835394267641556, -1.1347150255431688]",0.05852941176470588,1.2301433939426418
mention_end,32,3867,main_s0,0.38083825686085565,0.09560723514211886,0.7902295231549623,0.12144702842377261,"[0.3143759455159213, 0.46026474361466363, 0.3678740814519821]",-0.620277588558282,0.011627906976744186,1.4230495212843495,0.015503875968992248,"[-0.6002284636729205, -0.5944711327177943, -0.666133169284131]",0.10594315245478036,1.0011158454191376,0.2314481549648242,0.06982156710628394,0.8742890537977116,0.0817170933540212,"[0.23544742536220897, 0.3150036417624651, 0.1438933977697986]",-1.0470641748079463,0.0067235583139384535,1.6724143452756344,0.0067235583139384535,"[-1.045283738684267, -0.919403678074405, -1.1765051076651671]",0.07499353504008276,1.2785123297727705,0.1787532778622082,0.05352941176470588,0.9609217613663378,0.06411764705882353,"[0.0950735480739312, 0.37037102524206367, 0.07081526027062979]",-0.9423872215763498,0.006176470588235294,1.625003547528576,0.007352941176470588,"[-0.9379263691355022, -0.9101366325273457, -0.9790986630662015]",0.05676470588235294,1.121140499438558
mention_end,34,3867,main_s0,0.3689988479083736,0.10335917312661498,0.7832466465108976,0.1227390180878553,"[0.3432588059918461, 0.39366774500145796, 0.37006999273181673]",-0.5338969358031916,0.020671834625323,1.3991547443717076,0.02454780361757106,"[-0.5156754849456253, -0.43876639759227865, -0.6472489248716711]",0.09819121447028424,0.9028957837115652,0.20567758135912817,0.06775277993276442,0.889700624938939,0.0817170933540212,"[0.11794893054841238, 0.3409687486007903, 0.15811506492818184]",-1.0914307918117339,0.0036203775536591673,1.6805670665196208,0.005430566330488751,"[-1.022248040759377, -0.9988839118611084, -1.2531604228147164]",0.07628652702353246,1.297108373170862,0.13874891479770704,0.05411764705882353,0.9778277369920968,0.06264705882352942,"[0.028667412229653855, 0.385314904359242, 0.0022644278042253108]",-0.9745172111545729,0.0058823529411764705,1.6302804869767644,0.007058823529411765,"[-0.943227498407172, -0.857065102025534, -1.1232590330310126]",0.055588235294117654,1.11326612595228
mention_end,36,3867,main_s0,0.3817372921353101,0.12144702842377261,0.7742786338900975,0.14599483204134367,"[0.40752489069961084, 0.47094904976990304, 0.2667379359364165]",-0.5815109627675735,0.012919896640826873,1.4205094297656358,0.020671834625323,"[-0.5191031769031316, -0.5256059870271723, -0.6998237243724166]",0.12532299741602068,0.9632482549028836,0.2571276578396097,0.07421773985001293,0.852559210162113,0.08714765968450995,"[0.2112974295451484, 0.32474744612807427, 0.23533809784560644]",-1.1676637767813953,0.0031031807602792862,1.7041449800257977,0.004396172743728989,"[-1.1035452802132055, -1.0073708011826454, -1.392075248948335]",0.08275148694078097,1.424791434621005,0.2308141178661659,0.058529411764705885,0.9296655784731768,0.06764705882352941,"[0.13701899569088816, 0.3946253001356984, 0.16079805777191114]",-0.9751519081038135,0.007647058823529412,1.6357720685935597,0.009117647058823529,"[-0.8928480860477417, -0.9144768958224863, -1.1181307424412128]",0.05852941176470588,1.2059660259699794
anaphor,0,3867,main_s0,0.0058967981822174815,0.13695090439276486,1.070187824955539,0.13695090439276486,"[0.004740048964366195, 0.004057771435304169, 0.00889257414698208]",0.004091034166292899,0.02454780361757106,1.2326648664483473,0.02454780361757106,"[0.006989530937819954, -0.002963109077280146, 0.008246680638338888]",0.1124031007751938,0.0018057640159245825,0.004777692514407923,0.14584949573312644,1.068778037341242,0.14584949573312644,"[0.002403482986112815, 0.001622306325957612, 0.010307288231153344]",-0.054946851814274535,0.007757951900698216,1.2805205281913405,0.007757951900698216,"[-0.05082697477160436, -0.05261204770248962, -0.06140153296872963]",0.13809154383242822,0.05972454432868246,-0.02508137110344988,0.10058823529411764,1.1955461460445076,0.10058823529411764,"[-0.033305348461252215, -0.028337444593576677, -0.013601320255520744]",-0.012340370498295764,0.00823529411764706,1.2597511455749033,0.00823529411764706,"[-0.003992438217260474, -0.01116475242375703, -0.02186392085386979]",0.09235294117647058,-0.012741000605154115
anaphor,2,3867,main_s0,0.5672402489131395,0.14728682170542637,0.681052465656007,0.14987080103359174,"[0.5246532834664767, 0.5891386082652801, 0.5879288550076616]",0.044079753077029014,0.03488372093023256,1.1617061733264191,0.037467700258397935,"[0.04661113598506483, 0.03388020447538587, 0.051747918770636336]",0.1124031007751938,0.5231604958361105,0.09257315385455238,0.0625808119989656,0.8785075739189198,0.06309800879234549,"[0.1836804491540971, 0.36965217304385445, -0.2756131606342944]",-0.6974858074990374,0.00491336953710887,1.489871449301457,0.00517196793379881,"[-0.5785462088353621, -0.7421255783726834, -0.7717856352890669]",0.05792604085854668,0.7900589613535898,-0.8531917518458695,0.046764705882352944,1.0719019935667222,0.047058823529411764,"[-1.5624890894879049, 0.07103836377374706, -1.0681245298234505]",-2.3008656624119586,0.007941176470588234,1.6401407937066375,0.007941176470588234,"[-1.5754912005594353, -4.065903758481632, -1.2612020281948082]",0.03911764705882353,1.4476739105660892
anaphor,4,3867,main_s0,0.6018031674241994,0.12144702842377261,0.6645524076905669,0.12919896640826872,"[0.5747501508437769, 0.6254723629339243, 0.6051869884948972]",-0.027762137269854364,0.025839793281653745,1.198551294359344,0.029715762273901807,"[-0.062494260944592206, 0.017842898249915917, -0.0386350491148868]",0.09948320413436691,0.6295653046940537,0.321504759371309,0.07499353504008276,0.8071467491866581,0.0778381174036721,"[0.3456649394925526, 0.3239053968036354, 0.2949439418177391]",-0.6332821094020178,0.0067235583139384535,1.5218779777709273,0.0072407551073183345,"[-0.5383701667841365, -0.6251198928508634, -0.7363562685710534]",0.07059736229635376,0.9547868687733267,0.29376028912018265,0.06147058823529412,0.8879734716633809,0.06382352941176471,"[0.21398413830955276, 0.2686257856264569, 0.39867094342453824]",-1.301286867379638,0.009411764705882352,1.6027838234891933,0.01,"[-1.5881928397091145, -0.9835459866905312, -1.3321217757392687]",0.05382352941176471,1.5950471564998208
anaphor,6,3867,main_s0,0.4484380608141598,0.08914728682170543,0.7709816067794805,0.10335917312661498,"[0.4426156126419709, 0.47643645367561727, 0.4262621161248914]",-0.1732175672916693,0.028423772609819122,1.2623125121838106,0.037467700258397935,"[-0.24142870525646498, -0.1445561508306461, -0.1336678457878968]",0.06589147286821705,0.6216556281058291,0.04134941418487089,0.06077062322213602,0.9495344981808065,0.06594259115593483,"[0.05561860248290573, 0.1035327402342322, -0.03510310016252527]",-1.1445123495072478,0.0067235583139384535,1.64825254197868,0.007757951900698216,"[-0.9873728626560418, -1.495773238865838, -0.9503909469998637]",0.05818463925523661,1.1858617636921187,-0.326333749260628,0.040882352941176474,1.0637690108452065,0.04411764705882353,"[-0.9883190144068681, -0.003234195099364623, 0.012551961724348581]",-1.3879226247822025,0.007058823529411765,1.6443274777514094,0.007941176470588234,"[-0.9544060924678985, -1.541120311085943, -1.6682414707927653]",0.036176470588235296,1.0615888755215745
anaphor,8,3867,main_s0,0.46729476092807554,0.10465116279069768,0.754811386559335,0.11757105943152454,"[0.4110767299985406, 0.5510328263789166, 0.4397747264067694]",-0.351027644472137,0.016795865633074936,1.3460176877314858,0.02454780361757106,"[-0.4089386058225175, -0.36202967709427325, -0.28211465049962037]",0.09302325581395349,0.8183224054002125,0.19717136761914886,0.06387380398241531,0.9025821285690792,0.07473493664339281,"[0.1879034551768729, 0.31136980411799675, 0.09224084356257689]",-0.9399994055392235,0.0067235583139384535,1.6358732763761246,0.008533747090768037,"[-1.0710912351327275, -0.8639031451577419, -0.8850038363272008]",0.06620118955262477,1.1371707731583722,0.18442690631968214,0.05558823529411765,0.9591634775046259,0.0661764705882353,"[0.0862904173572443, 0.30462479566387957, 0.16236550593792254]",-1.029474201114458,0.006470588235294118,1.618991866887127,0.008529411764705883,"[-1.10179255763147, -0.9384252077039559, -1.048204838007948]",0.05764705882352941,1.2139011074341401
anaphor,10,3867,main_s0,0.4543106014101168,0.09560723514211886,0.7601420134947692,0.1124031007751938,"[0.47793527544279935, 0.4573174366960091, 0.427679092091542]",-0.7657015577772018,0.006459948320413436,1.510323547037811,0.012919896640826873,"[-0.9401580442079158, -0.7086184727859861, -0.6483281563377035]",0.09948320413436693,1.2200121591873185,0.22965650406052038,0.06852857512283424,0.8890439897150112,0.08482027411430049,"[0.32579555126191184, 0.32282026823455123, 0.04035369268509803]",-1.6252152495793901,0.004137574347039048,1.874121792143701,0.0067235583139384535,"[-1.7616246007438798, -1.456974428184902, -1.6570467198093888]",0.07809671580036204,1.8548717536399104,0.29523106774869234,0.05235294117647059,0.9022960213305173,0.06676470588235293,"[0.3051378104331438, 0.4482812858932037, 0.13227410691972952]",-1.5119453176794142,0.007352941176470588,1.802719274081436,0.008823529411764706,"[-1.7927370037905024, -1.5534985948443598, -1.1896003544033809]",0.05794117647058823,1.8071763854281064
anaphor,12,3867,main_s0,0.33039807555775014,0.07493540051679587,0.8253568895867064,0.10981912144702842,"[0.36576233891945564, 0.43211402963418866, 0.1933178581196061]",-1.038707636042731,0.006459948320413436,1.627039998225887,0.016795865633074936,"[-1.042085684984702, -1.138246564179179, -0.9357906589643119]",0.09302325581395349,1.369105711600481,0.15828659335858916,0.06180501680889579,0.9230187537976919,0.07938970778381174,"[0.17384589595958422, 0.27925486032775404, 0.0217590237884292]",-1.9372922281620932,0.002585983966899405,1.953588272125311,0.00491336953710887,"[-1.8808468037792418, -2.0577015412184947, -1.8733283394885434]",0.07447633824670287,2.0955788215206823,0.16777516477458596,0.05235294117647059,0.9660351514927678,0.06911764705882353,"[0.09390648500264176, 0.3969186763429984, 0.0125003329781177]",-1.5624049470210306,0.007352941176470588,1.8311119454337612,0.009705882352941177,"[-1.6912672878329023, -1.4944852393967656, -1.5014623138334238]",0.05941176470588236,1.7301801117956166
anaphor,14,3867,main_s0,0.2863444233519446,0.06847545219638243,0.8625201372707281,0.09302325581395349,"[0.24792147283943344, 0.41948698091879544, 0.19162481629760497]",-1.0529708296478055,0.011627906976744186,1.6404437530901312,0.021963824289405683,"[-0.9897356266098274, -1.1235604224267042, -1.0456164399068855]",0.0710594315245478,1.33931525299975,0.14336832412971026,0.05430566330488751,0.9396216817936829,0.07008016550297388,"[0.06944173055231273, 0.3245401256556457, 0.036123116181172366]",-1.8875971678155097,0.0033617791569692267,1.9346370296836064,0.0072407551073183345,"[-1.6779376438344094, -2.110269160242746, -1.874584699369374]",0.06283941039565555,2.03096549194522,0.11615203825481517,0.04735294117647059,0.9983929853970368,0.0611764705882353,"[0.0435703094303036, 0.34392720222008943, -0.039041396885947544]",-1.570511944742214,0.005294117647058823,1.8326305094763051,0.00823529411764706,"[-1.7338167098891, -1.4772799401757966, -1.5004391841617455]",0.05294117647058824,1.6866639829970291
anaphor,16,3867,main_s0,0.14244275405423268,0.04521963824289406,0.9395079144263042,0.059431524547803614,"[0.2190293370598262, 0.23595972598660786, -0.027660800883736014]",-1.1554358930482038,0.006459948320413436,1.6584565896463872,0.011627906976744186,"[-1.251556236218037, -1.1031989835044147, -1.1115524594221595]",0.04780361757105943,1.2978786471024364,-0.06770273710032267,0.04939229376777864,1.0298430310717515,0.06671838634600466,"[-0.20234777731868325, 0.1224202146051635, -0.12318064858744826]",-1.7221434306220604,0.005689164727178691,1.8940757548580383,0.0074993535040082755,"[-1.7724896269348718, -1.6728481012561676, -1.7210925636751417]",0.05921903284199639,1.6544406935217377,0.024158542273156985,0.040882352941176474,1.0512798506368464,0.054705882352941174,"[-0.053044312518456094, 0.17532425574608557, -0.04980431640815852]",-1.4137107496126353,0.005,1.8085198337380208,0.006764705882352941,"[-1.3153485651133425, -1.54895690642154, -1.3768267773030236]",0.04794117647058823,1.4378692918857923
anaphor,18,3867,main_s0,0.1518396311785735,0.046511627906976744,0.9322804770946606,0.06976744186046512,"[0.10507911543707027, 0.3451246229448377, 0.005315155153812534]",-1.165890633399127,0.011627906976744186,1.687624050867419,0.01808785529715762,"[-1.0405762167644905, -1.2441753476978588, -1.2129203357350318]",0.0516795865633075,1.3177302645777005,0.06536922165656871,0.046806309800879235,0.9956707633828183,0.06749418153607448,"[-0.015665810949892167, 0.2919328809661358, -0.08015940504653751]",-1.7087344447662864,0.005689164727178691,1.9087427538641712,0.007757951900698216,"[-1.7829729852781058, -1.551432344901988, -1.7917980041187653]",0.05973622963537626,1.774103666422855,0.07234515179552103,0.039411764705882354,1.0390299077909075,0.05205882352941176,"[-0.11165509458997636, 0.3256161030866871, 0.003074446889852367]",-1.5667751973074397,0.0035294117647058825,1.8631251640636108,0.005294117647058823,"[-1.6987357848367037, -1.3759319761324056, -1.6256578309532101]",0.04676470588235294,1.639120349102961
anaphor,20,3867,main_s0,0.18835987476638005,0.07235142118863049,0.9244736488796225,0.09431524547803617,"[0.14856105126452812, 0.32456347025422994, 0.0919551027803821]",-1.0606685646761,0.003875968992248062,1.6574370398745262,0.0103359173126615,"[-1.0692708174626726, -0.9592726023498566, -1.1534622742157712]",0.08397932816537468,1.2490284394424802,0.037062862770394465,0.04344453064391001,1.0101113909749997,0.05921903284199638,"[-0.07682035667517839, 0.18070172923147976, 0.007307215754882024]",-1.6368507192845687,0.0062063615205585725,1.8778817238556358,0.008792345487457979,"[-1.6353945370005443, -1.5822634519071936, -1.6928941689459687]",0.0504266873545384,1.673913582054963,0.09554048490622657,0.03882352941176471,1.0323177503016503,0.05323529411764706,"[-0.12716167587897842, 0.28742532985178293, 0.12635780074587522]",-1.4448812907844404,0.005294117647058823,1.8117032570497809,0.007941176470588234,"[-1.5702618871129856, -1.378285795224655, -1.3860961900156803]",0.045294117647058825,1.540421775690667
anaphor,22,3867,main_s0,0.20105800862543743,0.060723514211886306,0.928017565337211,0.07751937984496124,"[0.1433417370201443, 0.332845845317314, 0.12698644353885402]",-1.0743785552147151,0.00904392764857881,1.6517741926933713,0.014211886304909561,"[-1.0972099034117, -0.9072447456192112, -1.2186810166132345]",0.06330749354005168,1.2754365638401526,-0.01164127711459558,0.05275407292474787,1.019837290504587,0.06645978794931472,"[-0.10699732895244018, 0.21927486418335573, -0.14720136657470229]",-1.5189135376561087,0.0072407551073183345,1.848760656989583,0.01060253426428756,"[-1.634139780314059, -1.312826290388299, -1.609774542265968]",0.055857253685027156,1.5072722605415132,0.010321453150931989,0.04352941176470588,1.0658306655663925,0.054705882352941174,"[-0.1772722694121185, 0.31209470888751123, -0.10385808002259678]",-1.3546187895191297,0.005588235294117647,1.7879543014266985,0.007647058823529412,"[-1.4178753813986065, -1.2197900644459319, -1.426190922712851]",0.047058823529411764,1.3649402426700616
anaphor,24,3867,main_s0,0.3113245575672104,0.0710594315245478,0.8614003224030432,0.09948320413436693,"[0.29492143625815714, 0.3849521521999607, 0.25410008424351327]",-0.8250902685723563,0.007751937984496124,1.5601911680607654,0.012919896640826873,"[-0.8057796069433016, -0.7865568252408448, -0.8829343735329227]",0.08656330749354005,1.1364148261395668,0.200105977527795,0.053012671321437804,0.9230146002875054,0.06723558313938453,"[0.1579441515537866, 0.29330868750175754, 0.1490650935278408]",-1.3933087510063682,0.006464959917248513,1.7962380725952696,0.008016550297388157,"[-1.498530710729026, -1.1556001199216617, -1.5257954223684167]",0.05921903284199638,1.593414728534163,0.167452822148805,0.047058823529411764,0.9969008573509899,0.058529411764705885,"[0.0993352869511257, 0.3395145677467678, 0.06350861174852152]",-1.1706400887347452,0.004705882352941176,1.7102158955309321,0.00823529411764706,"[-1.424704874503087, -0.9812398470480039, -1.1059755446531447]",0.05029411764705882,1.3380929108835502
anaphor,26,3867,main_s0,0.29615034225104125,0.050387596899224806,0.8651884870858771,0.06976744186046512,"[0.2484788046449946, 0.4067551551099944, 0.23321706699813471]",-0.7819558277310484,0.006459948320413436,1.531156263497885,0.012919896640826873,"[-0.8492246565508064, -0.7110846964915578, -0.785558130150781]",0.056847545219638244,1.0781061699820897,0.17030599560933826,0.057408844065166796,0.9281879710222193,0.069562968709594,"[0.12659249526770522, 0.33052449491788904, 0.05380099664242055]",-1.3438790508646041,0.004396172743728989,1.7574073404902442,0.0062063615205585725,"[-1.291612194425508, -1.3260230746453843, -1.41400188352292]",0.06335660718903542,1.5141850464739424,0.11705721147155994,0.04794117647058824,0.9952683488020272,0.05941176470588235,"[0.06282043483406818, 0.28650204762235676, 0.0018491519582548577]",-1.4016008789913588,0.005588235294117647,1.7369014299938492,0.007058823529411765,"[-1.2005450386434848, -1.8403871072213183, -1.163870491109273]",0.05235294117647059,1.5186580904629188
anaphor,28,3867,main_s0,0.32541779698127776,0.07881136950904392,0.8383372059985547,0.09819121447028424,"[0.313307694626875, 0.3584510725777077, 0.3044946237392505]",-0.7693480935999966,0.011627906976744186,1.5340221175245305,0.01937984496124031,"[-0.813592664502921, -0.7047807145219924, -0.7896709017750763]",0.07881136950904394,1.0947658905812743,0.08068986537671234,0.05068528575122834,0.9460064883899169,0.06180501680889579,"[0.012621750596235382, 0.165323611684697, 0.06412423384920463]",-1.2827041578067377,0.004654771140418929,1.7595514629751419,0.005947763123868632,"[-1.3300556952926756, -1.210141076892941, -1.3079157012345966]",0.055857253685027156,1.36339402318345,0.014653086420550854,0.045294117647058825,1.0158041650071448,0.052941176470588235,"[-0.0699424210892805, -0.0007968685801369446, 0.11469854893107001]",-1.1448187834838477,0.008529411764705883,1.6944116961959677,0.010294117647058823,"[-1.1831384229747983, -1.1688330237718612, -1.0824849037048834]",0.04264705882352941,1.1594718699043987
anaphor,30,3867,main_s0,0.260907703585992,0.0710594315245478,0.8785313816258201,0.08397932816537468,"[0.21441958109229253, 0.35479700918806223, 0.2135065204776213]",-0.6835111157977698,0.003875968992248062,1.4830763119832002,0.011627906976744186,"[-0.83896319864875, -0.6365900297011342, -0.5749801190434252]",0.0723514211886305,0.9444188193837618,0.041363298688596783,0.05456426170157745,0.9562553809649851,0.06852857512283424,"[-0.06936486779121998, 0.21064567153612912, -0.017190907679118794]",-1.29032340115008,0.004654771140418929,1.7453440460627314,0.005947763123868632,"[-1.4929528549345101, -1.1502454099817743, -1.2277719385339552]",0.0625808119989656,1.3316866998386767,0.05157491935230115,0.04,1.018896278536641,0.04735294117647059,"[-0.025672790513294075, 0.16462408464494016, 0.01577346392525736]",-1.5405332017709512,0.005,1.735934501627241,0.007352941176470588,"[-1.655041492624782, -0.9302307216845531, -2.0363273910035184]",0.04,1.5921081211232524
anaphor,32,3867,main_s0,0.2706224414102344,0.05426356589147287,0.8774696839115006,0.06718346253229975,"[0.24218729648373583, 0.32546038286194423, 0.24421964488502312]",-0.7650147746794277,0.00904392764857881,1.5095813482852203,0.014211886304909561,"[-0.8364154641964838, -0.5980443785617628, -0.8605844812800367]",0.05297157622739018,1.035637216089662,0.06290256667912682,0.057408844065166796,0.9597451866466868,0.06904577191621412,"[0.054109386615385, 0.18194447386784418, -0.04734616044584872]",-1.279847788371512,0.004396172743728989,1.7338836843478886,0.005947763123868632,"[-1.4268594250381343, -1.0575336127037267, -1.3551503273726753]",0.06309800879234549,1.3427503550506388,0.03411593385467937,0.04764705882352941,1.0267604385950035,0.054411764705882354,"[-0.026151074006267372, 0.0787233122022497, 0.049775563368055775]",-1.4461434925580174,0.005294117647058823,1.712783281747617,0.007352941176470588,"[-1.364301371410931, -1.1376131586065124, -1.8365159476566086]",0.047058823529411764,1.480259426412697
anaphor,34,3867,main_s0,0.2941121087269335,0.05555555555555555,0.8693191783308573,0.06976744186046512,"[0.30491675635301796, 0.3635148776002072, 0.21390469222757535]",-0.6699777938215163,0.014211886304909561,1.4816814263806093,0.020671834625323,"[-0.7002725024159429, -0.5485536226856706, -0.7611072563629357]",0.049095607235142114,0.9640899025484498,0.10490181475658782,0.05482286009826739,0.949041953324018,0.06335660718903542,"[0.10534802214669514, 0.23333350006131193, -0.023976077938243634]",-1.2373265080369145,0.0074993535040082755,1.724834583112539,0.009309542280837859,"[-1.1868012806978188, -1.0002146369954437, -1.5249636064174812]",0.054047064908197565,1.3422283227935023,0.0385544919255126,0.04352941176470588,1.0203708332262056,0.05088235294117647,"[0.015237138896414315, 0.20799173702964135, -0.10756540014951788]",-1.3047609941651666,0.00823529411764706,1.6865236485492,0.01,"[-1.1170555343061204, -1.0230466127389053, -1.774180835450474]",0.04088235294117647,1.343315486090679
anaphor,36,3867,main_s0,0.39499673742494945,0.06847545219638243,0.8098173557454199,0.08656330749354005,"[0.3616166746897942, 0.43788044035343143, 0.3854930972316226]",-0.7399831435254814,0.016795865633074936,1.4749821321172423,0.01937984496124031,"[-0.8665326770646116, -0.5651718521737714, -0.7882449013380612]",0.06718346253229973,1.1349798809504308,0.22176140155992805,0.06387380398241531,0.8896642005670411,0.07654512542022239,"[0.15611775788696147, 0.34299193930698835, 0.1661745074858343]",-1.2192268800435717,0.0069821567106283944,1.7309376002045225,0.007757951900698216,"[-1.3941216662488332, -1.0680608336595352, -1.1954981402223468]",0.06878717351952418,1.4409882816034998,0.1177100929066756,0.05382352941176471,0.9755475374798783,0.065,"[0.00201518600564643, 0.29719193253537524, 0.053923160179005114]",-1.2862503962344343,0.005294117647058823,1.6910967305006788,0.008529411764705883,"[-1.3846062000834993, -1.1539700417039338, -1.32017494691587]",0.05647058823529412,1.40396048914111
last,0,3867,main_s0,-0.0012494400414027051,0.07881136950904392,1.0975785673075356,0.07881136950904392,"[-0.00019867751478042095, -0.003480806846279494, -6.883576314820061e-05]",-0.0011375453389573427,0.00904392764857881,1.2359872936374612,0.00904392764857881,"[-0.0025221334521237093, -6.35190720132961e-06, -0.0008841506575469893]",0.06976744186046512,-0.00011189470244536248,-0.002119278486282831,0.08844065166795965,1.0927782776986215,0.08844065166795965,"[-0.0017148982467514173, -0.003658941943166072, -0.0009839952689310039]",-0.013076267148980506,0.0072407551073183345,1.2559923369997668,0.0072407551073183345,"[-0.007043769999174554, -0.012556761130025462, -0.019628270317741503]",0.08119989656064132,0.010956988662697675,-0.019897622465867643,0.10058823529411764,1.1905577661754454,0.10058823529411764,"[-0.028099074193824736, -0.021892547129847673, -0.009701246073930525]",-0.009040758343785704,0.00823529411764706,1.256883508205852,0.00823529411764706,"[-0.0017581186699218154, -0.011803569167035288, -0.013560587194400009]",0.09235294117647058,-0.010856864122081939
last,2,3867,main_s0,0.8170253253284985,0.3578811369509044,0.4328213121347341,0.37209302325581395,"[0.7767718155156295, 0.8398898954430208, 0.8344142650268452]",0.15992591772302753,0.05813953488372093,1.050708420378935,0.07235142118863049,"[0.138264527022393, 0.1960361995424037, 0.14547702660428585]",0.2997416020671835,0.6570994076054709,0.5887655893523122,0.18593224722006724,0.6397297964085742,0.19705197827773469,"[0.5170202964871435, 0.7119580638563392, 0.5373184077134538]",-0.565224280280358,0.008016550297388157,1.5129428263007554,0.008275148694078097,"[-0.566876043579672, -0.510814574638556, -0.617982222622846]",0.1887768295836566,1.15398986963267,0.5239742807939473,0.13529411764705881,0.7301413901409536,0.14323529411764707,"[0.39579593644845534, 0.6982987859950529, 0.4778281199383334]",-0.4893362159103923,0.009411764705882352,1.4704919755546486,0.01,"[-0.46850949138124554, -0.4425084720895529, -0.5569906842603785]",0.13323529411764706,1.0133104967043396
last,4,3867,main_s0,0.8142680180397571,0.32299741602067183,0.44740888004373314,0.3462532299741602,"[0.7774517208797048, 0.8530549196686116, 0.8122974135709553]",0.09724959691769401,0.04521963824289406,1.0867040669272792,0.05297157622739018,"[0.07865246540031323, 0.08017261106676765, 0.13292371428600114]",0.29328165374677,0.7170184211220632,0.5688530107376495,0.16627876907163175,0.6567682957023179,0.1761055081458495,"[0.5218560075716483, 0.6737169523111384, 0.5109860723301618]",-0.7729767221233358,0.0069821567106283944,1.5904814098170015,0.0072407551073183345,"[-0.7441937625285466, -0.7093818067980389, -0.865354597043422]",0.16886475303853116,1.3418297328609854,0.5314424992495681,0.135,0.7280567646702276,0.14323529411764707,"[0.4739578226395672, 0.6632624974385638, 0.4571071776705734]",-0.6543853917010621,0.007941176470588234,1.5349118446045573,0.008529411764705883,"[-0.6728719527083804, -0.645644698284314, -0.6446395241104919]",0.13470588235294118,1.1858278909506303
last,6,3867,main_s0,0.667823389211004,0.16149870801033592,0.6053558618157563,0.17829457364341086,"[0.6241824453359999, 0.7304269980875053, 0.6488607242095068]",-0.09834194445621465,0.01808785529715762,1.2140186793081829,0.03229974160206718,"[-0.12096534835922812, -0.1033085471975157, -0.07075193781190015]",0.14599483204134367,0.7661653336672187,0.4444417294953862,0.09619860356865788,0.7688056440199796,0.10395655546935609,"[0.3830458292243609, 0.5863245365277252, 0.36395482273407254]",-0.6714234702316059,0.00517196793379881,1.543140934522021,0.005947763123868632,"[-0.6439773417380827, -0.6889005824759462, -0.6813924864807885]",0.09800879234548746,1.1158651997269922,0.39554992904663155,0.07205882352941176,0.8440292274776627,0.07941176470588235,"[0.3072749175385543, 0.5987949041543197, 0.2805799654470208]",-0.5488345898730458,0.008823529411764706,1.4879065048293776,0.010294117647058823,"[-0.48889012607071636, -0.6279444540817354, -0.5296691894666856]",0.06911764705882352,0.9443845189196773
last,8,3867,main_s0,0.5859964676582367,0.1330749354005168,0.677726474945962,0.13953488372093023,"[0.5428878207422998, 0.6166320760324557, 0.5984695061999545]",-0.1333880639541339,0.01937984496124031,1.2562119494586168,0.027131782945736434,"[-0.0897081512834268, -0.12052674781902417, -0.18992929275995074]",0.1124031007751938,0.7193845316123706,0.3720669080789561,0.07189035427980346,0.8251195344648456,0.07809671580036204,"[0.308108971914391, 0.4516034515110551, 0.35648830081142235]",-0.6399743716046388,0.0067235583139384535,1.538306797257102,0.007757951900698216,"[-0.5206136546550477, -0.5713570666388947, -0.827952393519974]",0.07033876389966383,1.012041279683595,0.30063028713154444,0.055,0.9082069836456474,0.06,"[0.14744084239806188, 0.4748748756661112, 0.2795751433304602]",-0.5367037831875955,0.007058823529411765,1.491022988854743,0.007941176470588234,"[-0.4754018729423344, -0.48626406722498805, -0.6484454093954639]",0.05205882352941176,0.8373340703191399
last,10,3867,main_s0,0.5943812107331456,0.1111111111111111,0.6709337662215586,0.1330749354005168,"[0.5845689406579825, 0.6567622738588954, 0.5418124176825592]",-0.2954918350323854,0.00904392764857881,1.3283484581164842,0.01808785529715762,"[-0.3013850922550174, -0.20347038320833377, -0.38162002963380504]",0.11498708010335917,0.8898730457655311,0.436024283058064,0.08533747090768037,0.7821907867714358,0.09438841479182829,"[0.4268545214788162, 0.5339318955939298, 0.34728643210144594]",-0.8513389902659908,0.009050943884147919,1.6174500713603397,0.01008533747090768,"[-0.8113155655414852, -0.72330621646496, -1.0193951887915276]",0.0843030773209206,1.2873632733240548,0.3763149961767868,0.06294117647058824,0.87488768525239,0.07294117647058823,"[0.3283281605858882, 0.5423389776486647, 0.25827785029580763]",-0.765942025620995,0.003823529411764706,1.581573565399968,0.00411764705882353,"[-0.6233319585470856, -0.6787897870439334, -0.995704331271966]",0.0688235294117647,1.1422570217977819
last,12,3867,main_s0,0.5254101947808371,0.08139534883720931,0.7275664995774999,0.1020671834625323,"[0.4930074713903386, 0.5880895189162052, 0.49513359403596713]",-0.45238505785938693,0.00904392764857881,1.4080888671137899,0.0103359173126615,"[-0.4607613683729601, -0.402093762762723, -0.4943000424424777]",0.0917312661498708,0.977795252640224,0.39127395321678843,0.06749418153607448,0.8192612499906764,0.08016550297388156,"[0.326342437514175, 0.5149745706039146, 0.3325048515322756]",-0.9139674972179392,0.0072407551073183345,1.6450710523276568,0.009050943884147919,"[-0.8837233703674705, -0.7799916757734615, -1.0781874455128855]",0.07111455908973364,1.3052414504347276,0.35953399920854684,0.06382352941176471,0.8826688945987353,0.07676470588235294,"[0.24239071777683707, 0.5501293636758147, 0.2860819161729887]",-0.7887164218036199,0.005294117647058823,1.5882650784397607,0.006764705882352941,"[-0.6891077011648186, -0.730578632483952, -0.946462931762089]",0.07,1.1482504210121667
last,14,3867,main_s0,0.46268160185402357,0.08656330749354005,0.7781331953588587,0.09948320413436693,"[0.44977863757469705, 0.53851119911971, 0.3997549688676636]",-0.5053447248156216,0.015503875968992248,1.421155695263601,0.01808785529715762,"[-0.5205659725608831, -0.48720095121372853, -0.5082672506722534]",0.08139534883720931,0.9680263266696452,0.32608538991330516,0.06335660718903542,0.8625015694243098,0.07654512542022239,"[0.2940287104079814, 0.44987471294770087, 0.2343527463842332]",-0.9134268228292912,0.0072407551073183345,1.6438864157675224,0.008275148694078097,"[-0.9060723873482772, -0.8634728000861933, -0.9707352810534029]",0.0682699767261443,1.2395122127425964,0.27995852572781116,0.05029411764705882,0.9392729454065728,0.057058823529411766,"[0.1905575735774666, 0.46250344760099993, 0.186814556004967]",-0.8322579341619347,0.007647058823529412,1.609324833342769,0.009117647058823529,"[-0.7560716966173306, -0.7573176910320385, -0.983384414836435]",0.04794117647058824,1.112216459889746
last,16,3867,main_s0,0.40676472385171936,0.07622739018087855,0.8079813369112627,0.08010335917312661,"[0.321052998584182, 0.4817082567534733, 0.41753291621750266]",-0.5546040768083583,0.012919896640826873,1.435650333326589,0.01937984496124031,"[-0.5527542266891667, -0.5097721786862106, -0.6012858250496977]",0.0607235142118863,0.9613688006600777,0.2632037406591691,0.04809930178432894,0.9067884368553685,0.056891647271786916,"[0.19784795026097024, 0.4146366523904418, 0.1771266193260953]",-0.953446407536406,0.0072407551073183345,1.6595051423856642,0.009050943884147919,"[-0.8642596857843705, -0.8909494819723578, -1.1051300548524896]",0.047840703387638996,1.2166501481955752,0.2569222169455865,0.04441176470588235,0.9583893378303551,0.05323529411764706,"[0.16603140809456818, 0.4434625956480228, 0.16127264709416844]",-0.8546228863492948,0.005294117647058823,1.6212150080830736,0.006764705882352941,"[-0.7324819347794205, -0.7771797624727688, -1.0542069617956953]",0.04647058823529412,1.1115451032948813
last,18,3867,main_s0,0.33247627792966716,0.05167958656330749,0.8639592385107233,0.060723514211886306,"[0.30635540373071635, 0.44833740488703455, 0.2427360251712506]",-0.6074937634961564,0.012919896640826873,1.4650283044646915,0.015503875968992248,"[-0.5359541671601429, -0.4552649058606466, -0.8312622174676796]",0.04521963824289406,0.9399700414258235,0.18858790581506565,0.04215153866046031,0.945582869671797,0.052495474528057924,"[0.14986869639791955, 0.3657102735091866, 0.05018474753809077]",-1.0354269289642677,0.00491336953710887,1.6840466035741868,0.0062063615205585725,"[-1.0127373933962232, -0.8857041674280672, -1.2078392260685131]",0.046289113007499355,1.2240148347793334,0.18606036890175548,0.03705882352941176,1.0047436050077279,0.04764705882352941,"[0.10860020347495092, 0.4086383101643791, 0.040942593065936395]",-0.8988769862529079,0.007352941176470588,1.6282883252996,0.007941176470588234,"[-0.8234621519335465, -0.8459457750871175, -1.0272230317380595]",0.039705882352941174,1.0849373551546635
last,20,3867,main_s0,0.2861168849095432,0.060723514211886306,0.8833455084137214,0.07493540051679587,"[0.2430785656633485, 0.39691149158879124, 0.21836059747648984]",-0.6554324518283937,0.007751937984496124,1.4976812905433823,0.011627906976744186,"[-0.6868445975906705, -0.5606864081112892, -0.7187663497832213]",0.06330749354005169,0.9415493367379368,0.19649405513978366,0.05404706490819757,0.9365907151163082,0.06361520558572537,"[0.14074728185338603, 0.34681922207530125, 0.10191566149066367]",-1.036352462164884,0.0074993535040082755,1.6814369295703104,0.008792345487457979,"[-1.0577765947755493, -0.8831597706638625, -1.1681210210552404]",0.05482286009826739,1.2328465173046677,0.17024614124871704,0.036470588235294116,1.0040567070253048,0.04735294117647059,"[0.051458971247231644, 0.3918450270261503, 0.06743442547276912]",-0.9165613396765276,0.008529411764705883,1.630323940335645,0.01,"[-0.861860757230577, -0.8367971305959938, -1.0510261312030122]",0.03735294117647059,1.0868074809252446
last,22,3867,main_s0,0.31982317778317954,0.05167958656330749,0.8658490266127898,0.059431524547803614,"[0.2523446203981833, 0.4415561801864384, 0.265568732764917]",-0.6329584017791269,0.006459948320413436,1.506739959244285,0.007751937984496124,"[-0.6383365993896526, -0.5208284137471142, -0.7397101922006137]",0.05167958656330749,0.9527815795623065,0.1838152430442401,0.04939229376777864,0.9420379686102935,0.05973622963537626,"[0.08984788480272965, 0.33296994591323614, 0.12862789841675448]",-0.9599822903571186,0.0074993535040082755,1.6583999668505454,0.009568140677527799,"[-0.8889944118698314, -0.9279275905811466, -1.0630248686203778]",0.05016808895784846,1.1437975334013586,0.18795651196910965,0.041176470588235294,0.9929616632480539,0.04735294117647059,"[0.05976911425629183, 0.38483666652204707, 0.11926375512899001]",-0.8660062636976639,0.005294117647058823,1.625664413486443,0.006470588235294118,"[-0.7998287483999833, -0.8071035373272053, -0.9910865053658033]",0.040882352941176474,1.0539627756667735
last,24,3867,main_s0,0.38599460365939037,0.06718346253229975,0.807123933709407,0.08914728682170543,"[0.33057660405488754, 0.5000894583005706, 0.327317748622713]",-0.4506344680716692,0.016795865633074936,1.4069174233780697,0.020671834625323,"[-0.4197906259737394, -0.37276669063148815, -0.55934608760978]",0.06847545219638243,0.8366290717310596,0.3166438593555047,0.05715024566847685,0.86725386762432,0.06671838634600466,"[0.23517568787059318, 0.4474334471066119, 0.26732244308930897]",-0.8869640171702337,0.005430566330488751,1.629261416940418,0.006464959917248513,"[-0.8836888583875873, -0.8140779170803505, -0.9631252760427635]",0.06025342642875615,1.2036078765257383,0.27243304657179696,0.04176470588235294,0.943895062163253,0.046764705882352944,"[0.14664586038674488, 0.46263180397200143, 0.20802147535664461]",-0.7231685203631878,0.008823529411764706,1.5619086509961269,0.010294117647058823,"[-0.7134623335037884, -0.6645433565453007, -0.7914998710404739]",0.03647058823529412,0.9956015669349847
last,26,3867,main_s0,0.4651488361293816,0.09302325581395349,0.7568546405846605,0.1124031007751938,"[0.41632436005382367, 0.5635397404263831, 0.4155824079079381]",-0.4736877036949598,0.01808785529715762,1.4039473537930016,0.025839793281653745,"[-0.43845943691712974, -0.3387283643798049, -0.6438753097879448]",0.08656330749354006,0.9388365398243415,0.34142606712088136,0.06309800879234549,0.8378481631954855,0.07576933023015257,"[0.2736429227746474, 0.4707281387450186, 0.279907139842978]",-0.996861313094172,0.0067235583139384535,1.670664505373005,0.008275148694078097,"[-0.8993123175447486, -0.9259367739383062, -1.1653348477994614]",0.06749418153607448,1.3382873802150534,0.3003310821877895,0.060588235294117644,0.9057395428871992,0.07,"[0.13823266273623502, 0.5217550555496262, 0.2410055282775072]",-0.789023356881323,0.007941176470588234,1.5871758501184192,0.008823529411764706,"[-0.7740322944093367, -0.7464524903160985, -0.8465852859185334]",0.061176470588235304,1.0893544390691123
last,28,3867,main_s0,0.4723081322618697,0.10077519379844961,0.7552571843003631,0.11757105943152454,"[0.37258777095325324, 0.5768235212625547, 0.4675131045698011]",-0.49559959212490456,0.007751937984496124,1.4038239892341138,0.011627906976744186,"[-0.43950122385303203, -0.38264771146191734, -0.6646498410597643]",0.10594315245478036,0.9679077243867742,0.3678553410491762,0.06413240237910525,0.8156837498578581,0.07473493664339281,"[0.26318037391750293, 0.5084199434047522, 0.3319657058252736]",-0.9622123214934565,0.00491336953710887,1.6512835843069675,0.005947763123868632,"[-0.8304184676389594, -0.9251456792986668, -1.1310728175427434]",0.06878717351952418,1.3300676625426326,0.30871187092072216,0.061764705882352944,0.8883613929945026,0.07235294117647059,"[0.11351469276891613, 0.5411694990455974, 0.27145142094765295]",-0.7988541335319331,0.006176470588235294,1.5778267558874088,0.006764705882352941,"[-0.7039773060682712, -0.8067507483815852, -0.8858343461459428]",0.06558823529411766,1.1075660044526554
last,30,3867,main_s0,0.4305407367816654,0.08785529715762273,0.7477221907494296,0.10723514211886305,"[0.3273454364169287, 0.5225059849352427, 0.44177078899282474]",-0.44938640111955874,0.00904392764857881,1.4018476174183312,0.016795865633074936,"[-0.450362577084799, -0.35139287592640445, -0.5464037503474728]",0.09043927648578812,0.8799271379012241,0.3333194215448197,0.06878717351952418,0.8283074928545384,0.08275148694078097,"[0.2646357462112404, 0.4466290435390562, 0.2886934748841625]",-0.9825458509776093,0.006464959917248513,1.6486246693977629,0.0069821567106283944,"[-0.8699785260279789, -0.9312467700400386, -1.14641225686481]",0.07576933023015257,1.315865272522429,0.2888831528442684,0.06382352941176471,0.8980122930633233,0.07352941176470588,"[0.12770444016951232, 0.5032480506797997, 0.23569696768349324]",-0.8044712910537601,0.004705882352941176,1.5858933936784445,0.005294117647058823,"[-0.7306360492516963, -0.7859694700319384, -0.8968083538776459]",0.06823529411764706,1.0933544438980285
last,32,3867,main_s0,0.48625633758221914,0.10077519379844961,0.7191059954214157,0.12532299741602068,"[0.4376291349706922, 0.5392086357899755, 0.4819312419859898]",-0.4844290522713073,0.007751937984496124,1.3945874854309435,0.01808785529715762,"[-0.5122916332136249, -0.37750585846486895, -0.563489665135428]",0.10723514211886306,0.9706853898535264,0.3368226927267363,0.07551073183346263,0.8236484125015058,0.08844065166795965,"[0.28291422130943866, 0.47769042641946136, 0.24986343045130888]",-0.96946208118333,0.0062063615205585725,1.6439727978680134,0.0067235583139384535,"[-0.8977165024695342, -0.8343968378174158, -1.17627290326304]",0.0817170933540212,1.3062847739100663,0.2756456872038313,0.06,0.9013085800051397,0.0711764705882353,"[0.14957622503170376, 0.5053817925700134, 0.17197904400977682]",-0.8529648212387415,0.007647058823529412,1.5914607328813815,0.008823529411764706,"[-0.7335077810762609, -0.8088922824756652, -1.0164944001642984]",0.0623529411764706,1.1286105084425728
last,34,3867,main_s0,0.5630621718639297,0.13049095607235142,0.6729356524029957,0.1511627906976744,"[0.5303774844626957, 0.6583233052573585, 0.500485725871735]",-0.38308029383432524,0.015503875968992248,1.353866044730333,0.025839793281653745,"[-0.3511340732983712, -0.35809725589275576, -0.4400095523118488]",0.12532299741602065,0.9461424656982549,0.3819558085186867,0.08921644685802949,0.7895623850081052,0.10007757951900698,"[0.3214867121944023, 0.5588888926520459, 0.26549182070961186]",-1.019307956528224,0.00517196793379881,1.6605418845132904,0.005689164727178691,"[-0.9384604575976534, -0.9423289635322085, -1.1771344484548094]",0.09438841479182829,1.4012637650469106,0.3342083532833143,0.07735294117647058,0.8657723411822728,0.08794117647058823,"[0.2735295159192003, 0.5434100295457706, 0.18568551438497194]",-0.8673620419118061,0.0035294117647058825,1.6019659350812434,0.004705882352941176,"[-0.8274118483989079, -0.8785517461400816, -0.8961225311964289]",0.08323529411764706,1.2015703951951204
last,36,3867,main_s0,0.5228612304499612,0.13695090439276486,0.6798091802928953,0.1511627906976744,"[0.4927793090306848, 0.5667654489852764, 0.5090389333339225]",-0.4336206001014322,0.015503875968992248,1.3546136133533218,0.028423772609819122,"[-0.34160617886860223, -0.4640344035558406, -0.49522121787985385]",0.12273901808785528,0.9564818305513935,0.35620994636753384,0.08766485647788984,0.8026233970259615,0.10007757951900698,"[0.30265017932997706, 0.5105050853909492, 0.2554745743816752]",-1.087584431665477,0.0074993535040082755,1.6718347055988276,0.008792345487457979,"[-0.9538873443103439, -1.0776247611467373, -1.2312411895393498]",0.09128523403154899,1.443794378033011,0.30634387339745306,0.06235294117647059,0.8770647089236288,0.0738235294117647,"[0.19177711204303693, 0.5240000702702865, 0.20325443787903574]",-0.9369572914169808,0.0058823529411764705,1.6209472410669368,0.009411764705882352,"[-0.8050556768907142, -1.0161818485715317, -0.9896343487886965]",0.06441176470588235,1.2433011648144339
