model,layer,pos,var,mode,rank,train_acc,base_acc,base_yes,all,disagree,same_dim_swap,heldout_lex,invented_alg,other_labels(y_heur),all_alpha0.25,all_alpha0.5,all_alpha0.75,other_labels(y_alg)
qwen3-4b-base,4,last,alg,learned,16,0.4875,0.6883333333333334,0.23166666666666666,0.499,0.491,0.481,0.505,0.501,0.506,0.497,0.501,0.497,
qwen3-4b-base,4,last,alg,random,16,,0.6883333333333334,0.23166666666666666,0.503,0.504,0.513,0.51,0.503,0.507,0.506,0.501,0.497,
qwen3-4b-base,4,last,heur,learned,16,0.721875,0.6883333333333334,0.23166666666666666,0.512,0.509,0.505,0.517,0.502,,0.508,0.504,0.507,0.501
qwen3-4b-base,4,last,alg,learned,64,0.5,0.6883333333333334,0.23166666666666666,0.498,0.493,0.475,0.505,0.502,0.504,0.497,0.504,0.501,
qwen3-4b-base,4,last,alg,random,64,,0.6883333333333334,0.23166666666666666,0.498,0.489,0.481,0.505,0.5,0.507,0.497,0.501,0.501,
qwen3-4b-base,4,last,heur,learned,64,0.70625,0.6883333333333334,0.23166666666666666,0.513,0.52,0.505,0.513,0.503,,0.503,0.507,0.511,0.504
qwen3-4b-base,4,last,alg,full,2560,,0.6883333333333334,0.23166666666666666,0.5,0.489,0.493,0.499,0.5,0.507,0.5,0.5,0.497,
qwen3-4b-base,4,last,heur,full,2560,,0.6883333333333334,0.23166666666666666,0.507,0.511,0.521,0.509,0.5,,0.511,0.504,0.508,0.5
qwen3-4b-base,4,u1,alg,learned,1,0.490625,0.6883333333333334,0.23166666666666666,0.501,0.491,0.507,0.507,0.502,0.509,0.498,0.499,0.495,
qwen3-4b-base,4,u1,alg,random,1,,0.6883333333333334,0.23166666666666666,0.503,0.506,0.506,0.51,0.504,0.506,0.5,0.504,0.495,
qwen3-4b-base,4,u1,heur,learned,1,0.715625,0.6883333333333334,0.23166666666666666,0.514,0.509,0.513,0.515,0.501,,0.508,0.508,0.511,0.503
qwen3-4b-base,4,u1,alg,probe,3,,0.6883333333333334,0.23166666666666666,0.499,0.476,0.497,0.499,0.498,0.508,0.5,0.493,0.499,
qwen3-4b-base,4,u1,heur,probe,3,,0.6883333333333334,0.23166666666666666,0.508,0.524,0.509,0.517,0.498,,0.504,0.499,0.509,0.499
qwen3-4b-base,4,u1,alg,learned,4,0.490625,0.6883333333333334,0.23166666666666666,0.508,0.471,0.488,0.512,0.5,0.527,0.5,0.5,0.5,
qwen3-4b-base,4,u1,alg,random,4,,0.6883333333333334,0.23166666666666666,0.502,0.506,0.513,0.505,0.498,0.503,0.499,0.5,0.505,
qwen3-4b-base,4,u1,heur,learned,4,0.721875,0.6883333333333334,0.23166666666666666,0.525,0.564,0.538,0.535,0.501,,0.506,0.511,0.517,0.497
qwen3-4b-base,4,u1,alg,learned,16,0.5125,0.6883333333333334,0.23166666666666666,0.527,0.449,0.501,0.528,0.493,0.566,0.505,0.514,0.514,
qwen3-4b-base,4,u1,alg,probe,16,,0.6883333333333334,0.23166666666666666,0.525,0.48,0.515,0.54,0.497,0.551,0.502,0.507,0.52,
qwen3-4b-base,4,u1,alg,random,16,,0.6883333333333334,0.23166666666666666,0.497,0.491,0.503,0.491,0.501,0.503,0.499,0.498,0.495,
qwen3-4b-base,4,u1,heur,learned,16,0.728125,0.6883333333333334,0.23166666666666666,0.58,0.538,0.545,0.58,0.496,,0.512,0.528,0.56,0.532
qwen3-4b-base,4,u1,heur,probe,16,,0.6883333333333334,0.23166666666666666,0.551,0.52,0.526,0.556,0.497,,0.51,0.519,0.546,0.525
qwen3-4b-base,4,u1,alg,learned,64,0.553125,0.6883333333333334,0.23166666666666666,0.575,0.444,0.49,0.559,0.497,0.639,0.506,0.518,0.541,
qwen3-4b-base,4,u1,alg,random,64,,0.6883333333333334,0.23166666666666666,0.501,0.463,0.501,0.505,0.499,0.514,0.502,0.503,0.503,
qwen3-4b-base,4,u1,heur,learned,64,0.740625,0.6883333333333334,0.23166666666666666,0.61,0.582,0.532,0.612,0.505,,0.521,0.531,0.568,0.556
qwen3-4b-base,4,u1,alg,learned,128,0.6,0.6883333333333334,0.23166666666666666,0.632,0.448,0.499,0.614,0.501,0.718,0.506,0.541,0.592,
qwen3-4b-base,4,u1,alg,random,128,,0.6883333333333334,0.23166666666666666,0.497,0.504,0.49,0.505,0.501,0.504,0.502,0.495,0.502,
qwen3-4b-base,4,u1,heur,learned,128,0.784375,0.6883333333333334,0.23166666666666666,0.695,0.632,0.593,0.676,0.497,,0.531,0.568,0.616,0.594
qwen3-4b-base,4,u1,alg,full,2560,,0.6883333333333334,0.23166666666666666,0.669,0.223,0.408,0.669,0.497,0.849,0.505,0.589,0.673,
qwen3-4b-base,4,u1,heur,full,2560,,0.6883333333333334,0.23166666666666666,0.849,0.777,0.741,0.845,0.497,,0.516,0.664,0.844,0.669
qwen3-4b-base,4,u2,alg,full,2560,,0.6883333333333334,0.23166666666666666,0.547,0.281,0.237,0.58,0.499,0.659,0.507,0.544,0.549,
qwen3-4b-base,4,u2,heur,full,2560,,0.6883333333333334,0.23166666666666666,0.659,0.719,0.53,0.672,0.499,,0.524,0.614,0.648,0.547
qwen3-4b-base,8,last,alg,learned,16,0.503125,0.6883333333333334,0.23166666666666666,0.499,0.491,0.49,0.502,0.499,0.511,0.497,0.501,0.501,
qwen3-4b-base,8,last,alg,random,16,,0.6883333333333334,0.23166666666666666,0.5,0.476,0.496,0.507,0.497,0.513,0.505,0.497,0.498,
qwen3-4b-base,8,last,heur,learned,16,0.725,0.6883333333333334,0.23166666666666666,0.516,0.522,0.501,0.515,0.5,,0.51,0.505,0.508,0.504
qwen3-4b-base,8,last,alg,learned,64,0.496875,0.6883333333333334,0.23166666666666666,0.496,0.469,0.466,0.501,0.502,0.511,0.502,0.495,0.496,
qwen3-4b-base,8,last,alg,random,64,,0.6883333333333334,0.23166666666666666,0.501,0.491,0.512,0.502,0.506,0.508,0.499,0.497,0.5,
qwen3-4b-base,8,last,heur,learned,64,0.734375,0.6883333333333334,0.23166666666666666,0.514,0.544,0.515,0.522,0.502,,0.509,0.514,0.51,0.497
qwen3-4b-base,8,last,alg,full,2560,,0.6883333333333334,0.23166666666666666,0.501,0.48,0.49,0.507,0.501,0.511,0.507,0.497,0.502,
qwen3-4b-base,8,last,heur,full,2560,,0.6883333333333334,0.23166666666666666,0.511,0.52,0.513,0.509,0.501,,0.509,0.505,0.509,0.501
qwen3-4b-base,8,u1,alg,learned,1,0.5,0.6883333333333334,0.23166666666666666,0.501,0.506,0.506,0.507,0.501,0.503,0.499,0.503,0.501,
qwen3-4b-base,8,u1,alg,random,1,,0.6883333333333334,0.23166666666666666,0.499,0.504,0.497,0.502,0.494,0.5,0.501,0.498,0.497,
qwen3-4b-base,8,u1,heur,learned,1,0.7125,0.6883333333333334,0.23166666666666666,0.518,0.522,0.517,0.526,0.504,,0.507,0.503,0.512,0.502
qwen3-4b-base,8,u1,alg,probe,3,,0.6883333333333334,0.23166666666666666,0.5,0.502,0.497,0.507,0.503,0.505,0.497,0.502,0.502,
qwen3-4b-base,8,u1,heur,probe,3,,0.6883333333333334,0.23166666666666666,0.505,0.498,0.497,0.513,0.503,,0.499,0.507,0.507,0.5
qwen3-4b-base,8,u1,alg,learned,4,0.503125,0.6883333333333334,0.23166666666666666,0.511,0.504,0.506,0.523,0.503,0.529,0.505,0.502,0.502,
qwen3-4b-base,8,u1,alg,random,4,,0.6883333333333334,0.23166666666666666,0.497,0.476,0.487,0.502,0.5,0.504,0.501,0.502,0.505,
qwen3-4b-base,8,u1,heur,learned,4,0.721875,0.6883333333333334,0.23166666666666666,0.525,0.522,0.546,0.534,0.503,,0.503,0.514,0.52,0.507
qwen3-4b-base,8,u1,alg,learned,16,0.528125,0.6883333333333334,0.23166666666666666,0.565,0.506,0.527,0.571,0.506,0.612,0.506,0.52,0.542,
qwen3-4b-base,8,u1,alg,probe,16,,0.6883333333333334,0.23166666666666666,0.536,0.506,0.512,0.537,0.501,0.567,0.502,0.504,0.52,
qwen3-4b-base,8,u1,alg,random,16,,0.6883333333333334,0.23166666666666666,0.503,0.508,0.503,0.502,0.497,0.501,0.498,0.502,0.5,
qwen3-4b-base,8,u1,heur,learned,16,0.746875,0.6883333333333334,0.23166666666666666,0.604,0.558,0.544,0.586,0.497,,0.511,0.536,0.573,0.553
qwen3-4b-base,8,u1,heur,probe,16,,0.6883333333333334,0.23166666666666666,0.567,0.494,0.522,0.558,0.501,,0.508,0.51,0.533,0.536
qwen3-4b-base,8,u1,alg,learned,64,0.58125,0.6883333333333334,0.23166666666666666,0.597,0.483,0.522,0.594,0.496,0.66,0.509,0.532,0.558,
qwen3-4b-base,8,u1,alg,learned,64,0.596875,0.6883333333333334,0.23166666666666666,0.592,0.41,0.518,0.616,0.497,0.694,0.503,0.524,0.566,
qwen3-4b-base,8,u1,alg,random,64,,0.6883333333333334,0.23166666666666666,0.498,0.489,0.496,0.507,0.503,0.511,0.501,0.501,0.503,
qwen3-4b-base,8,u1,heur,learned,64,0.775,0.6883333333333334,0.23166666666666666,0.641,0.538,0.539,0.659,0.499,,0.522,0.548,0.59,0.568
qwen3-4b-base,8,u1,alg,learned,128,0.621875,0.6883333333333334,0.23166666666666666,0.611,0.457,0.51,0.619,0.5,0.682,0.505,0.531,0.573,
qwen3-4b-base,8,u1,alg,random,128,,0.6883333333333334,0.23166666666666666,0.501,0.493,0.507,0.505,0.504,0.505,0.501,0.502,0.501,
qwen3-4b-base,8,u1,heur,learned,128,0.7625,0.6883333333333334,0.23166666666666666,0.654,0.632,0.598,0.654,0.502,,0.527,0.559,0.607,0.561
qwen3-4b-base,8,u1,alg,full,2560,,0.6883333333333334,0.23166666666666666,0.647,0.317,0.464,0.649,0.506,0.782,0.507,0.567,0.639,
qwen3-4b-base,8,u1,heur,full,2560,,0.6883333333333334,0.23166666666666666,0.782,0.683,0.68,0.78,0.506,,0.517,0.637,0.774,0.647
qwen3-4b-base,8,u2,alg,full,2560,,0.6883333333333334,0.23166666666666666,0.545,0.31,0.263,0.599,0.505,0.657,0.498,0.545,0.539,
qwen3-4b-base,8,u2,heur,full,2560,,0.6883333333333334,0.23166666666666666,0.657,0.69,0.516,0.681,0.505,,0.524,0.623,0.65,0.545
qwen3-4b-base,12,last,alg,full,2560,,0.6883333333333334,0.23166666666666666,0.507,0.486,0.504,0.524,0.506,0.518,0.495,0.51,0.5,
qwen3-4b-base,12,last,heur,full,2560,,0.6883333333333334,0.23166666666666666,0.518,0.514,0.518,0.53,0.506,,0.501,0.514,0.507,0.507
qwen3-4b-base,12,u1,alg,full,2560,,0.6883333333333334,0.23166666666666666,0.567,0.449,0.504,0.585,0.508,0.632,0.509,0.533,0.559,
qwen3-4b-base,12,u1,heur,full,2560,,0.6883333333333334,0.23166666666666666,0.632,0.551,0.605,0.646,0.508,,0.519,0.573,0.62,0.567
qwen3-4b-base,12,u2,alg,full,2560,,0.6883333333333334,0.23166666666666666,0.525,0.28,0.298,0.563,0.512,0.652,0.497,0.525,0.529,
qwen3-4b-base,12,u2,heur,full,2560,,0.6883333333333334,0.23166666666666666,0.652,0.72,0.584,0.656,0.512,,0.52,0.603,0.643,0.525
qwen3-4b-base,16,last,alg,learned,16,0.496875,0.6883333333333334,0.23166666666666666,0.496,0.387,0.463,0.504,0.502,0.548,0.49,0.486,0.481,
qwen3-4b-base,16,last,alg,random,16,,0.6883333333333334,0.23166666666666666,0.5,0.504,0.506,0.507,0.496,0.506,0.498,0.503,0.497,
qwen3-4b-base,16,last,heur,learned,16,0.71875,0.6883333333333334,0.23166666666666666,0.514,0.507,0.512,0.539,0.501,,0.507,0.51,0.515,0.5
qwen3-4b-base,16,last,alg,learned,64,0.49375,0.6883333333333334,0.23166666666666666,0.494,0.424,0.499,0.523,0.503,0.524,0.493,0.481,0.492,
qwen3-4b-base,16,last,alg,full,2560,,0.6883333333333334,0.23166666666666666,0.499,0.484,0.519,0.523,0.503,0.503,0.507,0.505,0.504,
qwen3-4b-base,16,last,heur,full,2560,,0.6883333333333334,0.23166666666666666,0.503,0.516,0.492,0.511,0.503,,0.505,0.514,0.507,0.499
qwen3-4b-base,16,u1,alg,learned,16,0.525,0.6883333333333334,0.23166666666666666,0.497,0.456,0.501,0.515,0.503,0.516,0.5,0.499,0.497,
qwen3-4b-base,16,u1,alg,random,16,,0.6883333333333334,0.23166666666666666,0.503,0.504,0.503,0.502,0.494,0.504,0.499,0.501,0.495,
qwen3-4b-base,16,u1,heur,learned,16,0.728125,0.6883333333333334,0.23166666666666666,0.524,0.531,0.499,0.516,0.499,,0.506,0.508,0.516,0.505
qwen3-4b-base,16,u1,alg,learned,64,0.5125,0.6883333333333334,0.23166666666666666,0.505,0.471,0.481,0.507,0.497,0.525,0.496,0.504,0.502,
qwen3-4b-base,16,u1,alg,random,64,,0.6883333333333334,0.23166666666666666,0.501,0.502,0.504,0.499,0.5,0.504,0.496,0.502,0.5,
qwen3-4b-base,16,u1,heur,learned,64,0.71875,0.6883333333333334,0.23166666666666666,0.54,0.564,0.52,0.516,0.5,,0.504,0.512,0.544,0.508
qwen3-4b-base,16,u1,alg,full,2560,,0.6883333333333334,0.23166666666666666,0.504,0.493,0.507,0.505,0.504,0.513,0.5,0.501,0.505,
qwen3-4b-base,16,u1,heur,full,2560,,0.6883333333333334,0.23166666666666666,0.513,0.507,0.521,0.511,0.504,,0.509,0.512,0.514,0.504
qwen3-4b-base,16,u2,alg,full,2560,,0.6883333333333334,0.23166666666666666,0.515,0.278,0.324,0.546,0.492,0.629,0.503,0.502,0.503,
qwen3-4b-base,16,u2,heur,full,2560,,0.6883333333333334,0.23166666666666666,0.629,0.722,0.546,0.657,0.492,,0.532,0.587,0.616,0.515
qwen3-4b-base,20,last,alg,full,2560,,0.6883333333333334,0.23166666666666666,0.505,0.43,0.452,0.515,0.493,0.541,0.506,0.502,0.502,
qwen3-4b-base,20,last,heur,full,2560,,0.6883333333333334,0.23166666666666666,0.541,0.57,0.528,0.528,0.493,,0.515,0.527,0.528,0.505
qwen3-4b-base,20,u1,alg,full,2560,,0.6883333333333334,0.23166666666666666,0.494,0.493,0.479,0.499,0.505,0.499,0.498,0.503,0.499,
qwen3-4b-base,20,u1,heur,full,2560,,0.6883333333333334,0.23166666666666666,0.499,0.507,0.502,0.5,0.505,,0.507,0.508,0.503,0.494
qwen3-4b-base,20,u2,alg,full,2560,,0.6883333333333334,0.23166666666666666,0.501,0.416,0.47,0.506,0.497,0.545,0.504,0.502,0.506,
qwen3-4b-base,20,u2,heur,full,2560,,0.6883333333333334,0.23166666666666666,0.545,0.584,0.543,0.539,0.497,,0.517,0.523,0.54,0.501
qwen3-4b-base,24,last,alg,learned,16,0.4875,0.6883333333333334,0.23166666666666666,0.514,0.304,0.394,0.542,0.511,0.587,0.492,0.499,0.505,
qwen3-4b-base,24,last,alg,random,16,,0.6883333333333334,0.23166666666666666,0.5,0.506,0.503,0.502,0.496,0.5,0.503,0.497,0.501,
qwen3-4b-base,24,last,heur,learned,16,0.703125,0.6883333333333334,0.23166666666666666,0.61,0.764,0.557,0.625,0.509,,0.523,0.56,0.576,0.496
qwen3-4b-base,24,last,alg,learned,64,0.5,0.6883333333333334,0.23166666666666666,0.501,0.367,0.405,0.514,0.512,0.559,0.5,0.497,0.506,
qwen3-4b-base,24,last,alg,random,64,,0.6883333333333334,0.23166666666666666,0.499,0.491,0.497,0.505,0.499,0.508,0.502,0.505,0.5,
qwen3-4b-base,24,last,heur,learned,64,0.73125,0.6883333333333334,0.23166666666666666,0.631,0.781,0.562,0.636,0.51,,0.541,0.569,0.606,0.504
qwen3-4b-base,24,last,alg,full,2560,,0.6883333333333334,0.23166666666666666,0.503,0.187,0.263,0.549,0.507,0.643,0.508,0.5,0.511,
qwen3-4b-base,24,last,heur,full,2560,,0.6883333333333334,0.23166666666666666,0.643,0.813,0.591,0.671,0.507,,0.56,0.613,0.636,0.503
qwen3-4b-base,24,u1,alg,learned,16,0.503125,0.6883333333333334,0.23166666666666666,0.502,0.493,0.497,0.505,0.504,0.506,0.498,0.502,0.502,
qwen3-4b-base,24,u1,alg,random,16,,0.6883333333333334,0.23166666666666666,0.503,0.495,0.497,0.507,0.506,0.505,0.501,0.498,0.498,
qwen3-4b-base,24,u1,heur,learned,16,0.715625,0.6883333333333334,0.23166666666666666,0.502,0.509,0.509,0.505,0.505,,0.503,0.505,0.506,0.494
qwen3-4b-base,24,u1,alg,learned,64,0.49375,0.6883333333333334,0.23166666666666666,0.5,0.491,0.507,0.502,0.504,0.504,0.499,0.497,0.502,
qwen3-4b-base,24,u1,alg,random,64,,0.6883333333333334,0.23166666666666666,0.495,0.502,0.497,0.502,0.502,0.499,0.502,0.496,0.501,
qwen3-4b-base,24,u1,heur,learned,64,0.709375,0.6883333333333334,0.23166666666666666,0.505,0.498,0.501,0.507,0.503,,0.509,0.508,0.504,0.5
qwen3-4b-base,24,u1,alg,full,2560,,0.6883333333333334,0.23166666666666666,0.501,0.504,0.491,0.51,0.5,0.508,0.495,0.499,0.497,
qwen3-4b-base,24,u1,heur,full,2560,,0.6883333333333334,0.23166666666666666,0.508,0.496,0.505,0.511,0.5,,0.499,0.5,0.501,0.501
qwen3-4b-base,24,u2,alg,full,2560,,0.6883333333333334,0.23166666666666666,0.502,0.506,0.513,0.499,0.502,0.501,0.497,0.502,0.499,
qwen3-4b-base,24,u2,heur,full,2560,,0.6883333333333334,0.23166666666666666,0.501,0.494,0.501,0.498,0.502,,0.5,0.506,0.51,0.502
qwen3-4b-base,28,last,alg,full,2560,,0.6883333333333334,0.23166666666666666,0.5,0.206,0.272,0.537,0.511,0.636,0.503,0.496,0.51,
qwen3-4b-base,28,last,heur,full,2560,,0.6883333333333334,0.23166666666666666,0.636,0.794,0.572,0.661,0.511,,0.552,0.601,0.638,0.5
qwen3-4b-base,28,u1,alg,full,2560,,0.6883333333333334,0.23166666666666666,0.504,0.506,0.513,0.513,0.498,0.506,0.5,0.498,0.501,
qwen3-4b-base,28,u1,heur,full,2560,,0.6883333333333334,0.23166666666666666,0.506,0.494,0.521,0.515,0.498,,0.499,0.495,0.504,0.504
qwen3-4b-base,28,u2,alg,full,2560,,0.6883333333333334,0.23166666666666666,0.502,0.478,0.506,0.51,0.502,0.513,0.499,0.498,0.505,
qwen3-4b-base,28,u2,heur,full,2560,,0.6883333333333334,0.23166666666666666,0.513,0.522,0.525,0.526,0.502,,0.503,0.504,0.509,0.502
