model,variant,condition,correct
gemma2-9b,noctx,FAM-NAMED,0.18125
gemma2-9b,noctx,FAM-UNNAMED,0.10625
gemma2-9b,noctx,INV-BASE,0.28125
gemma2-9b,noctx,INV-BASE-TWIN,0.03125
gemma2-9b,noctx,INV-LEX,0.42083333333333334
gemma2-9b,noctx,INV-LEX-TWIN,0.1625
gemma2-9b,nounits,FAM-NAMED,0.71875
gemma2-9b,nounits,FAM-UNNAMED,0.49583333333333335
gemma2-9b,nounits,INV-BASE,0.8145833333333333
gemma2-9b,nounits,INV-BASE-TWIN,0.6166666666666667
gemma2-9b,nounits,INV-LEX,0.6208333333333333
gemma2-9b,nounits,INV-LEX-TWIN,0.6479166666666667
olmo3-32b,noctx,FAM-NAMED,0.2125
olmo3-32b,noctx,FAM-UNNAMED,0.06666666666666667
olmo3-32b,noctx,INV-BASE,0.32083333333333336
olmo3-32b,noctx,INV-BASE-TWIN,0.0125
olmo3-32b,noctx,INV-LEX,0.39166666666666666
olmo3-32b,noctx,INV-LEX-TWIN,0.15
olmo3-32b,nounits,FAM-NAMED,0.5625
olmo3-32b,nounits,FAM-UNNAMED,0.44583333333333336
olmo3-32b,nounits,INV-BASE,0.8041666666666667
olmo3-32b,nounits,INV-BASE-TWIN,0.425
olmo3-32b,nounits,INV-LEX,0.7833333333333333
olmo3-32b,nounits,INV-LEX-TWIN,0.5916666666666667
olmo3-7b,noctx,FAM-NAMED,0.19375
olmo3-7b,noctx,FAM-UNNAMED,0.075
olmo3-7b,noctx,INV-BASE,0.22083333333333333
olmo3-7b,noctx,INV-BASE-TWIN,0.05416666666666667
olmo3-7b,noctx,INV-LEX,0.425
olmo3-7b,noctx,INV-LEX-TWIN,0.15208333333333332
olmo3-7b,nounits,FAM-NAMED,0.575
olmo3-7b,nounits,FAM-UNNAMED,0.4708333333333333
olmo3-7b,nounits,INV-BASE,0.7541666666666667
olmo3-7b,nounits,INV-BASE-TWIN,0.48125
olmo3-7b,nounits,INV-LEX,0.625
olmo3-7b,nounits,INV-LEX-TWIN,0.5333333333333333
qwen3-4b-base,noctx,FAM-NAMED,0.15833333333333333
qwen3-4b-base,noctx,FAM-UNNAMED,0.075
qwen3-4b-base,noctx,INV-BASE,0.3125
qwen3-4b-base,noctx,INV-BASE-TWIN,0.029166666666666667
qwen3-4b-base,noctx,INV-LEX,0.44166666666666665
qwen3-4b-base,noctx,INV-LEX-TWIN,0.1375
qwen3-4b-base,nounits,FAM-NAMED,0.5916666666666667
qwen3-4b-base,nounits,FAM-UNNAMED,0.4166666666666667
qwen3-4b-base,nounits,INV-BASE,0.7583333333333333
qwen3-4b-base,nounits,INV-BASE-TWIN,0.4125
qwen3-4b-base,nounits,INV-LEX,0.7
qwen3-4b-base,nounits,INV-LEX-TWIN,0.49583333333333335
qwen3-8b-base,noctx,FAM-NAMED,0.18541666666666667
qwen3-8b-base,noctx,FAM-UNNAMED,0.15625
qwen3-8b-base,noctx,INV-BASE,0.36041666666666666
qwen3-8b-base,noctx,INV-BASE-TWIN,0.06666666666666667
qwen3-8b-base,noctx,INV-LEX,0.3645833333333333
qwen3-8b-base,noctx,INV-LEX-TWIN,0.18958333333333333
qwen3-8b-base,nounits,FAM-NAMED,0.5375
qwen3-8b-base,nounits,FAM-UNNAMED,0.4395833333333333
qwen3-8b-base,nounits,INV-BASE,0.7125
qwen3-8b-base,nounits,INV-BASE-TWIN,0.46458333333333335
qwen3-8b-base,nounits,INV-LEX,0.7354166666666667
qwen3-8b-base,nounits,INV-LEX-TWIN,0.5125
gemma2-9b,full,FAM-NAMED,0.9333333333333332
gemma2-9b,full,FAM-UNNAMED,0.8625
gemma2-9b,full,INV-BASE,0.8958333333333334
gemma2-9b,full,INV-BASE-TWIN,0.875
gemma2-9b,full,INV-LEX,0.8479166666666667
gemma2-9b,full,INV-LEX-TWIN,0.8708333333333333
olmo3-32b,full,FAM-NAMED,0.9354166666666668
olmo3-32b,full,FAM-UNNAMED,0.9020833333333332
olmo3-32b,full,INV-BASE,0.9104166666666668
olmo3-32b,full,INV-BASE-TWIN,0.91875
olmo3-32b,full,INV-LEX,0.9291666666666668
olmo3-32b,full,INV-LEX-TWIN,0.9
olmo3-7b,full,FAM-NAMED,0.9458333333333332
olmo3-7b,full,FAM-UNNAMED,0.8614583333333333
olmo3-7b,full,INV-BASE,0.8802083333333334
olmo3-7b,full,INV-BASE-TWIN,0.890625
olmo3-7b,full,INV-LEX,0.8979166666666667
olmo3-7b,full,INV-LEX-TWIN,0.8927083333333333
qwen3-14b-base,full,FAM-NAMED,0.9375
qwen3-14b-base,full,FAM-UNNAMED,0.875
qwen3-14b-base,full,INV-BASE,0.9083333333333332
qwen3-14b-base,full,INV-BASE-TWIN,0.9395833333333332
qwen3-14b-base,full,INV-LEX,0.9333333333333332
qwen3-14b-base,full,INV-LEX-TWIN,0.89375
qwen3-4b,full,FAM-NAMED,0.85
qwen3-4b,full,FAM-UNNAMED,0.6208333333333333
qwen3-4b,full,INV-BASE,0.875
qwen3-4b,full,INV-BASE-TWIN,0.7791666666666667
qwen3-4b,full,INV-LEX,0.8166666666666667
qwen3-4b,full,INV-LEX-TWIN,0.7208333333333333
qwen3-4b-base,full,FAM-NAMED,0.95
qwen3-4b-base,full,FAM-UNNAMED,0.8552083333333333
qwen3-4b-base,full,INV-BASE,0.9416666666666668
qwen3-4b-base,full,INV-BASE-TWIN,0.8708333333333333
qwen3-4b-base,full,INV-LEX,0.9354166666666668
qwen3-4b-base,full,INV-LEX-TWIN,0.8916666666666667
qwen3-8b,full,FAM-NAMED,0.68125
qwen3-8b,full,FAM-UNNAMED,0.3895833333333333
qwen3-8b,full,INV-BASE,0.7708333333333334
qwen3-8b,full,INV-BASE-TWIN,0.5416666666666666
qwen3-8b,full,INV-LEX,0.6166666666666667
qwen3-8b,full,INV-LEX-TWIN,0.5895833333333333
qwen3-8b-base,full,FAM-NAMED,0.965625
qwen3-8b-base,full,FAM-UNNAMED,0.8458333333333333
qwen3-8b-base,full,INV-BASE,0.9125
qwen3-8b-base,full,INV-BASE-TWIN,0.928125
qwen3-8b-base,full,INV-LEX,0.9458333333333332
qwen3-8b-base,full,INV-LEX-TWIN,0.9
