model,layer,pos,var,mode,rank,seed,all,disagree,heldout,invented
qwen3-4b-base,16,u1,alg,full,2560,0,0.5041666666666667,0.4931980374665477,0.504568338616446,0.50375
qwen3-4b-base,16,last,alg,full,2560,0,0.49895833333333334,0.4838314005352364,0.5231835415501274,0.5025000000000001
qwen3-4b-base,12,u1,alg,full,2560,0,0.5666666666666667,0.4490410347903658,0.5848094971719808,0.5081249999999999
qwen3-4b-base,24,last,heur,learned,64,0,0.631299817987824,0.7814451382694023,0.6356749311294766,0.51
qwen3-4b-base,8,u1,heur,learned,64,3,0.5742170338291596,0.4962087421944692,0.5540545313272586,0.503125
qwen3-4b-base,12,last,heur,full,2560,0,0.5179030942069918,0.5136039250669046,0.5301970756516211,0.50625
qwen3-4b-base,4,u1,alg,learned,16,0,0.5270833333333333,0.4490410347903658,0.5275498787991796,0.49312500000000004
qwen3-4b-base,4,u1,alg,probe,3,0,0.49895833333333334,0.47580285459411237,0.4989899931630306,0.498125
qwen3-4b-base,8,u2,heur,full,2560,0,0.6565932341680788,0.6902319357716324,0.6808999081726355,0.505
qwen3-4b-base,8,u1,alg,random,4,0,0.49687499999999996,0.47580285459411237,0.5020821679408292,0.5
qwen3-4b-base,8,u1,alg,random,64,2,0.5,0.5042372881355932,0.5047703399838399,0.49874999999999997
qwen3-4b-base,8,u1,alg,probe,3,0,0.5,0.5021186440677966,0.5074585120268507,0.503125
qwen3-4b-base,4,u2,heur,full,2560,0,0.6590880562354862,0.7186663693131132,0.6722116267570813,0.499375
qwen3-4b-base,16,last,heur,learned,16,0,0.5139333458858972,0.5072479928635147,0.5393091756728121,0.500625
qwen3-4b-base,8,last,heur,full,2560,0,0.5110933283123078,0.5199598572702944,0.5089708271526453,0.50125
qwen3-4b-base,4,last,heur,learned,64,0,0.5128663779576978,0.5199598572702944,0.5132443314261496,0.503125
qwen3-4b-base,4,u1,alg,learned,1,0,0.5010416666666666,0.4910793933987511,0.5074585120268507,0.501875
qwen3-4b-base,4,last,alg,random,64,0,0.4979166666666666,0.4889607493309545,0.5049723413512338,0.5
qwen3-4b-base,12,last,alg,full,2560,0,0.5072916666666667,0.48639607493309545,0.5237895456523091,0.50625
qwen3-4b-base,4,last,alg,learned,16,0,0.49895833333333334,0.4910793933987511,0.5047703399838399,0.50125
qwen3-4b-base,16,last,heur,full,2560,0,0.502996924621854,0.5161685994647636,0.5114607614607615,0.5025000000000001
qwen3-4b-base,4,u2,alg,full,2560,0,0.546875,0.2813336306868867,0.5796973087202437,0.499375
qwen3-4b-base,8,u1,alg,learned,64,3,0.5979166666666667,0.4791480820695807,0.6112872148673006,0.5018750000000001
qwen3-4b-base,8,u2,alg,full,2560,0,0.5447916666666667,0.3097680642283675,0.5987165143887128,0.505
qwen3-4b-base,8,last,alg,learned,64,0,0.49583333333333335,0.4690008920606601,0.5014761638386476,0.501875
qwen3-4b-base,8,u1,alg,random,16,0,0.503125,0.5084745762711864,0.5020821679408292,0.4975
qwen3-4b-base,28,u1,alg,full,2560,0,0.5041666666666667,0.5063559322033898,0.5128348561128722,0.498125
qwen3-4b-base,4,u1,heur,learned,16,0,0.5799755225004707,0.5378010704727921,0.5796955569682842,0.495625
qwen3-4b-base,8,u1,heur,learned,1,0,0.5184836502855709,0.522078501338091,0.5260648442466624,0.504375
qwen3-4b-base,8,last,alg,random,16,0,0.5,0.47580285459411237,0.5074585120268507,0.4975
qwen3-4b-base,24,u1,alg,full,2560,0,0.5010416666666666,0.5042372881355932,0.5101466840698614,0.5
qwen3-4b-base,20,u1,alg,full,2560,0,0.49374999999999997,0.4931980374665477,0.49939399589781835,0.505
qwen3-4b-base,8,last,heur,learned,16,0,0.5164124772484779,0.522078501338091,0.515310447128629,0.5
qwen3-4b-base,4,u1,alg,learned,4,0,0.5083333333333333,0.4711195361284567,0.5122288520106906,0.5
qwen3-4b-base,8,u1,heur,probe,16,0,0.5669522374945082,0.4936440677966102,0.5581867627322172,0.500625
qwen3-4b-base,24,u1,alg,learned,64,0,0.5,0.4910793933987511,0.5018801665734353,0.504375
qwen3-4b-base,16,u1,alg,random,64,0,0.5010416666666667,0.5021186440677966,0.49939399589781835,0.5
qwen3-4b-base,8,u1,heur,learned,16,0,0.6037626310173854,0.5577609277430865,0.5861764498128135,0.496875
qwen3-4b-base,4,u1,heur,probe,16,0,0.5514341304211385,0.5199598572702944,0.5558381012926468,0.4975
qwen3-4b-base,4,u1,alg,random,16,0,0.49687499999999996,0.4910793933987511,0.4907234756666045,0.500625
qwen3-4b-base,16,u1,heur,learned,64,0,0.5400740601267808,0.5641168599464763,0.5155929928657201,0.5
qwen3-4b-base,8,u1,alg,learned,64,2,0.5916666666666667,0.4023193577163247,0.604698862576916,0.498125
qwen3-4b-base,16,u2,heur,full,2560,0,0.6289462122638549,0.722457627118644,0.6574662711026347,0.49187499999999995
qwen3-4b-base,12,u2,heur,full,2560,0,0.6524508880938932,0.7203389830508475,0.655541428268701,0.511875
qwen3-4b-base,8,u1,heur,learned,4,0,0.5248383857402874,0.522078501338091,0.5344705799251254,0.503125
qwen3-4b-base,16,last,alg,random,64,0,0.49583333333333335,0.4800401427297056,0.49878799179563676,0.5025
qwen3-4b-base,24,u1,alg,random,64,0,0.49479166666666663,0.5021186440677966,0.5020821679408292,0.5018750000000001
qwen3-4b-base,8,u1,heur,learned,64,2,0.6352224941944392,0.5225245316681534,0.6457229639047821,0.50125
qwen3-4b-base,16,u1,alg,learned,64,0,0.5052083333333334,0.4711195361284567,0.5066505065572752,0.4975
qwen3-4b-base,24,u2,heur,full,2560,0,0.501192493566811,0.4936440677966102,0.49835770290315745,0.501875
qwen3-4b-base,16,last,alg,learned,16,0,0.49583333333333335,0.387042818911686,0.5038224874137609,0.5025
qwen3-4b-base,4,u1,alg,probe,16,0,0.525,0.4800401427297056,0.5399185779103736,0.4975
qwen3-4b-base,20,u2,heur,full,2560,0,0.5449538693278102,0.5836306868867083,0.5390266299357208,0.4975
qwen3-4b-base,28,u2,heur,full,2560,0,0.5128663779576978,0.522078501338091,0.5259235713781168,0.5025
qwen3-4b-base,8,u1,alg,probe,16,0,0.5364583333333334,0.5063559322033898,0.5366244017651811,0.500625
qwen3-4b-base,8,u1,alg,learned,16,0,0.5645833333333333,0.5059099018733274,0.5709646342221394,0.505625
qwen3-4b-base,8,u1,alg,random,64,3,0.5031249999999999,0.5063559322033898,0.5018801665734353,0.496875
qwen3-4b-base,24,u1,heur,learned,64,0,0.5047385928575912,0.4978813559322034,0.5067634385816204,0.503125
qwen3-4b-base,8,u1,alg,random,1,0,0.49895833333333334,0.5042372881355932,0.5020821679408292,0.494375
qwen3-4b-base,4,last,heur,full,2560,0,0.507249105629825,0.5110392506690455,0.5088295542840998,0.5
qwen3-4b-base,24,last,alg,learned,64,0,0.5010416666666667,0.36663693131132913,0.5135651687488346,0.5125
qwen3-4b-base,24,last,alg,random,16,0,0.5,0.5063559322033898,0.5018801665734353,0.49624999999999997
qwen3-4b-base,24,u1,alg,random,16,0,0.503125,0.4953166815343443,0.5074585120268507,0.50625
qwen3-4b-base,16,last,alg,random,16,0,0.5,0.5042372881355932,0.5072565106594568,0.495625
qwen3-4b-base,8,last,alg,full,2560,0,0.5010416666666666,0.4800401427297056,0.5072565106594568,0.50125
qwen3-4b-base,4,u1,heur,learned,1,0,0.514200087867947,0.5089206066012489,0.515310447128629,0.50125
qwen3-4b-base,16,u1,alg,learned,16,0,0.496875,0.455842997323818,0.5145130213189135,0.503125
qwen3-4b-base,8,u1,heur,probe,3,0,0.5047385928575912,0.4978813559322034,0.5131030585576041,0.503125
qwen3-4b-base,16,last,alg,learned,64,0,0.49374999999999997,0.4235057983942908,0.52284169308223,0.503125
qwen3-4b-base,4,u1,heur,probe,3,0,0.5075472290215276,0.5241971454058876,0.5173765628311083,0.498125
qwen3-4b-base,8,u1,alg,random,128,0,0.5010416666666666,0.4931980374665477,0.5047703399838399,0.504375
qwen3-4b-base,8,u1,alg,learned,64,0,0.596875,0.48338537020517397,0.5941481757722668,0.495625
qwen3-4b-base,20,last,alg,full,2560,0,0.5052083333333334,0.42952720785013376,0.515321026788489,0.493125
qwen3-4b-base,4,u1,alg,full,2560,0,0.66875,0.2227921498661909,0.6694169929765679,0.49687499999999996
qwen3-4b-base,24,u1,heur,learned,16,0,0.5017887403502165,0.5089206066012489,0.504697322879141,0.505
qwen3-4b-base,24,last,alg,learned,16,0,0.5135416666666667,0.30419268510258696,0.5415190502828019,0.51125
qwen3-4b-base,8,u1,alg,full,2560,0,0.646875,0.31701605709188224,0.6485176207346635,0.505625
qwen3-4b-base,8,u1,heur,learned,128,0,0.6544436076068537,0.6320249776984834,0.6544112453203362,0.501875
qwen3-4b-base,24,last,heur,full,2560,0,0.643491495637984,0.813336306868867,0.6714169668715123,0.506875
qwen3-4b-base,28,u2,alg,full,2560,0,0.5020833333333333,0.47792149866190897,0.5099446827024675,0.5025
qwen3-4b-base,8,u1,alg,learned,1,0,0.5010416666666666,0.5063559322033898,0.5072565106594568,0.500625
qwen3-4b-base,24,last,alg,random,64,0,0.49895833333333334,0.4910793933987511,0.5047703399838399,0.499375
qwen3-4b-base,20,u2,alg,full,2560,0,0.5010416666666667,0.4163693131132917,0.5062465038224874,0.4975
qwen3-4b-base,24,u2,alg,full,2560,0,0.5020833333333333,0.5063559322033898,0.4989899931630306,0.501875
qwen3-4b-base,12,u2,alg,full,2560,0,0.525,0.2796610169491525,0.5625582696252098,0.511875
qwen3-4b-base,24,u1,alg,learned,16,0,0.5020833333333333,0.4931980374665477,0.504568338616446,0.50375
qwen3-4b-base,16,u2,alg,full,2560,0,0.5145833333333333,0.2775423728813559,0.5462272359997513,0.49187499999999995
qwen3-4b-base,8,u1,heur,learned,64,0,0.6405573338354359,0.5378010704727921,0.6589672953309318,0.499375
qwen3-4b-base,16,u1,alg,random,16,0,0.503125,0.5042372881355932,0.5022841693082231,0.494375
qwen3-4b-base,4,u1,alg,random,64,0,0.5010416666666666,0.4626449598572703,0.504568338616446,0.49937499999999996
qwen3-4b-base,4,u1,alg,random,4,0,0.5020833333333333,0.5063559322033898,0.504568338616446,0.498125
qwen3-4b-base,8,u1,alg,learned,128,0,0.6114583333333333,0.45662355040142727,0.619149729628939,0.5
qwen3-4b-base,8,u1,heur,full,2560,0,0.7819462750266741,0.6829839429081177,0.7804089849544396,0.505625
qwen3-4b-base,16,u1,heur,learned,16,0,0.5239597062700057,0.5309991079393399,0.5155929928657201,0.499375
qwen3-4b-base,24,last,alg,full,2560,0,0.503125,0.1866636931311329,0.5489775623096526,0.506875
qwen3-4b-base,4,u1,heur,full,2560,0,0.8487259147680914,0.7772078501338091,0.8445115490570037,0.49687499999999996
qwen3-4b-base,8,u1,alg,random,64,1,0.4958333333333333,0.4868421052631579,0.49630182112001986,0.505
qwen3-4b-base,20,last,heur,full,2560,0,0.5408115232536246,0.5704727921498662,0.5281309599491417,0.493125
qwen3-4b-base,4,last,heur,learned,16,0,0.5121289148308542,0.5089206066012489,0.5173765628311083,0.5018750000000001
qwen3-4b-base,8,u1,heur,learned,64,1,0.6343438147241575,0.5250892060660125,0.6584022038567493,0.50375
qwen3-4b-base,4,u1,alg,random,128,0,0.496875,0.5042372881355932,0.5047703399838399,0.500625
qwen3-4b-base,4,last,alg,random,16,0,0.503125,0.5042372881355932,0.5101466840698614,0.5031249999999999
qwen3-4b-base,20,u1,heur,full,2560,0,0.4992782275779828,0.5068019625334523,0.5002825457370912,0.505
qwen3-4b-base,24,u1,heur,full,2560,0,0.5075472290215276,0.4957627118644068,0.5110369428551247,0.5
qwen3-4b-base,4,u1,alg,random,1,0,0.5031249999999999,0.5063559322033898,0.5099446827024675,0.50375
qwen3-4b-base,4,last,alg,learned,64,0,0.4979166666666667,0.4931980374665477,0.504568338616446,0.5025
qwen3-4b-base,28,u1,heur,full,2560,0,0.5057741793761376,0.4936440677966102,0.515310447128629,0.498125
qwen3-4b-base,4,u1,heur,learned,128,0,0.6947844097156844,0.632471008028546,0.6759200395564032,0.49687499999999996
qwen3-4b-base,8,u1,alg,random,64,0,0.4979166666666667,0.4889607493309545,0.5072565106594568,0.5025000000000001
qwen3-4b-base,8,last,alg,learned,16,0,0.49895833333333334,0.4910793933987511,0.5018801665734353,0.49937499999999996
qwen3-4b-base,4,u1,heur,learned,64,0,0.6098192430803991,0.5819580731489742,0.6118174754538391,0.505
qwen3-4b-base,8,last,alg,random,64,0,0.5010416666666666,0.4910793933987511,0.5016781652060414,0.505625
qwen3-4b-base,8,last,heur,learned,64,0,0.5143569949162117,0.544157002676182,0.5217913399731582,0.501875
qwen3-4b-base,28,last,alg,full,2560,0,0.5,0.20617752007136486,0.5370128659332463,0.51125
qwen3-4b-base,4,u1,alg,learned,128,0,0.6322916666666667,0.44814897413024085,0.6141773882777053,0.50125
qwen3-4b-base,24,last,heur,learned,16,0,0.6103056549300194,0.7636039250669046,0.6246379882743519,0.50875
qwen3-4b-base,4,u1,heur,learned,4,0,0.5254346325236929,0.5636708296164139,0.534611852793671,0.500625
qwen3-4b-base,4,last,alg,full,2560,0,0.5,0.4889607493309545,0.4991919945304245,0.5
qwen3-4b-base,4,u1,alg,learned,64,0,0.5750000000000001,0.44391168599464764,0.5594039405805209,0.4975
qwen3-4b-base,8,u1,alg,learned,64,1,0.5916666666666667,0.40956735057983945,0.6158555534837467,0.4975
qwen3-4b-base,28,last,heur,full,2560,0,0.6356775246344065,0.7938224799286351,0.6612276612276613,0.51125
qwen3-4b-base,12,u1,heur,full,2560,0,0.6322726416870645,0.5509589652096343,0.6458642367733277,0.5081249999999999
qwen3-4b-base,16,u1,heur,full,2560,0,0.5134626247411034,0.5068019625334523,0.5110369428551247,0.50375
qwen3-4b-base,16,last,heur,learned,64,0,0.5252934161802548,0.5551962533452275,0.5326870099597373,0.498125
qwen3-4b-base,8,u1,alg,learned,4,0,0.5114583333333333,0.5042372881355932,0.5231835415501274,0.503125
olmo3-7b,8,u1,heur,learned,64,0,0.5443439207484151,0.5425145348837209,0.544109545919572,0.5
olmo3-7b,4,u1,heur,full,4096,0,0.719944225562203,0.5908884447674418,0.7411269379082395,0.49937499999999996
olmo3-7b,8,u1,heur,full,4096,0,0.5720041506558361,0.478515625,0.5821004170929409,0.4975
olmo3-7b,4,u1,heur,learned,64,0,0.5840994211780729,0.5638172238372093,0.634787912174392,0.498125
olmo3-7b,8,u1,alg,random,64,0,0.49583333333333335,0.501953125,0.49725274725274726,0.50125
olmo3-7b,4,u1,alg,learned,64,0,0.5739583333333333,0.4440861191860465,0.5823865400136586,0.5
olmo3-7b,4,u1,alg,full,4096,0,0.6177083333333333,0.40911155523255816,0.6330787856211585,0.49937499999999996
olmo3-7b,8,u1,alg,full,4096,0,0.5520833333333334,0.521484375,0.5819985099646117,0.4975
olmo3-7b,8,u1,alg,learned,64,0,0.51875,0.47683502906976744,0.53153908238654,0.50125
olmo3-7b,4,u1,alg,random,64,0,0.4979166666666667,0.50390625,0.49458310051530385,0.499375
gemma2-9b,8,u1,heur,full,3584,0,0.6329778100485206,0.5541458541458542,0.6335030249372879,0.506875
gemma2-9b,4,u1,alg,full,3584,0,0.5979166666666667,0.40962370962370964,0.5905844560878244,0.50625
gemma2-9b,8,u1,alg,full,3584,0,0.5041666666666667,0.5548911872441284,0.5,0.5
gemma2-9b,4,u1,alg,full,3584,0,0.5114583333333333,0.572721396250808,0.5047903446559662,0.5
gemma2-9b,4,u1,alg,learned,64,0,0.49895833333333334,0.49299719887955185,0.49681162125171086,0.5
gemma2-9b,4,u1,heur,full,3584,0,0.4918527958688834,0.42727860374919197,0.49711765522989304,0.5
gemma2-9b,4,u1,heur,learned,64,0,0.6723879095917696,0.6843989343989344,0.643352515862476,0.4925
gemma2-9b,8,u1,heur,full,3584,0,0.4902763180761178,0.44510881275587155,0.5,0.5
gemma2-9b,4,u1,alg,random,64,0,0.490625,0.4755744255744256,0.4815057385229541,0.5025
gemma2-9b,4,u1,alg,random,64,0,0.49895833333333334,0.49719887955182074,0.5,0.5
gemma2-9b,8,u1,alg,learned,64,0,0.5177083333333333,0.4374458874458874,0.506627370259481,0.505
gemma2-9b,8,u1,heur,learned,64,0,0.5098643649815043,0.5098039215686274,0.5015974440894568,0.5
gemma2-9b,4,u1,heur,learned,64,0,0.5099347065103154,0.47694462400344756,0.5111821086261981,0.5
gemma2-9b,8,u1,alg,random,64,0,0.49895833333333334,0.49859943977591037,0.5,0.5
gemma2-9b,8,u1,alg,random,64,0,0.5,0.5028471528471529,0.49335703592814373,0.4925
gemma2-9b,4,u1,alg,learned,64,0,0.5166666666666667,0.4420579420579421,0.530314371257485,0.50125
gemma2-9b,8,u1,alg,learned,64,0,0.5010416666666667,0.49299719887955185,0.5050547467960682,0.5
gemma2-9b,8,u1,heur,learned,64,0,0.6336450294606807,0.6071262071262071,0.6156300723033791,0.494375
gemma2-9b,8,u1,alg,full,3584,0,0.578125,0.44585414585414584,0.553751871257485,0.506875
gemma2-9b,4,u1,heur,full,3584,0,0.693179643920699,0.5903762903762904,0.7088128965619005,0.50625
