model,task,condition,min,max,range
gemma2-9b,T1,FAM-NAMED,0.35714285714285715,1.0,0.6428571428571428
gemma2-9b,T1,FAM-UNNAMED,0.375,1.0,0.625
gemma2-9b,T1,INV-BASE,0.6451612903225806,1.0,0.3548387096774194
gemma2-9b,T1,INV-BASE-TWIN,0.7096774193548387,1.0,0.29032258064516125
gemma2-9b,T1,INV-LEX,0.0,1.0,1.0
gemma2-9b,T1,INV-LEX-TWIN,0.18181818181818182,1.0,0.8181818181818181
gemma2-9b,T2,FAM-DIFF-FAR,0.4444444444444444,0.7333333333333333,0.28888888888888886
gemma2-9b,T2,FAM-NEAR-MISS,0.3333333333333333,0.6666666666666666,0.3333333333333333
gemma2-9b,T2,FAM-SAME-DIM,0.42424242424242425,0.7333333333333333,0.309090909090909
gemma2-9b,T2,FAM-SAME-UNIT,0.38095238095238093,0.7692307692307693,0.38827838827838834
gemma2-9b,T2,INV-BASE,0.39285714285714285,0.5666666666666667,0.1738095238095238
gemma2-9b,T2,INV-LEX,0.3181818181818182,0.6756756756756757,0.3574938574938575
gemma2-9b,T3,FAM-NAMED,0.7555555555555555,0.8589743589743589,0.10341880341880338
gemma2-9b,T3,FAM-UNNAMED,0.42857142857142855,0.6136363636363636,0.1850649350649351
gemma2-9b,T3,INV-LEX,0.5,0.6842105263157895,0.1842105263157895
gemma2-9b,T4,FAM-DIFF-FAR,0.4642857142857143,0.5555555555555556,0.09126984126984128
gemma2-9b,T4,FAM-DIFF-NEAR,0.39285714285714285,0.6333333333333333,0.24047619047619045
gemma2-9b,T4,FAM-NEAR-MISS,0.45588235294117646,0.5423728813559322,0.08649052841475574
gemma2-9b,T4,FAM-SAME-DIM,0.4576271186440678,0.5689655172413793,0.11133839859731154
gemma2-9b,T4,INV-LEX,0.44642857142857145,0.5416666666666666,0.09523809523809518
gemma2-9b,T5,FAM-FAR,0.2916666666666667,0.4050632911392405,0.11339662447257381
gemma2-9b,T5,FAM-NEAR,0.3333333333333333,0.35064935064935066,0.01731601731601734
gemma2-9b,T5,INV-LEX,0.2876712328767123,0.34831460674157305,0.06064337386486074
olmo3-32b,T1,FAM-NAMED,0.2857142857142857,1.0,0.7142857142857143
olmo3-32b,T1,FAM-UNNAMED,0.5454545454545454,1.0,0.4545454545454546
olmo3-32b,T1,INV-BASE,0.6896551724137931,1.0,0.31034482758620685
olmo3-32b,T1,INV-BASE-TWIN,0.8275862068965517,1.0,0.1724137931034483
olmo3-32b,T1,INV-LEX,0.0,1.0,1.0
olmo3-32b,T1,INV-LEX-TWIN,0.4,1.0,0.6
olmo3-7b,T1,FAM-NAMED,0.4,1.0,0.6
olmo3-7b,T1,FAM-UNNAMED,0.5,1.0,0.5
olmo3-7b,T1,INV-BASE,0.5967741935483871,1.0,0.4032258064516129
olmo3-7b,T1,INV-BASE-TWIN,0.6451612903225806,1.0,0.3548387096774194
olmo3-7b,T1,INV-LEX,0.0,1.0,1.0
olmo3-7b,T1,INV-LEX-TWIN,0.2857142857142857,1.0,0.7142857142857143
olmo3-7b,T2,FAM-DIFF-FAR,0.4473684210526316,0.7777777777777778,0.3304093567251462
olmo3-7b,T2,FAM-NEAR-MISS,0.34285714285714286,0.717948717948718,0.3750915750915751
olmo3-7b,T2,FAM-SAME-DIM,0.41304347826086957,0.7105263157894737,0.2974828375286041
olmo3-7b,T2,FAM-SAME-UNIT,0.6190476190476191,0.9512195121951219,0.33217189314750284
olmo3-7b,T2,INV-BASE,0.43333333333333335,0.6071428571428571,0.17380952380952375
olmo3-7b,T2,INV-LEX,0.35135135135135137,0.7307692307692307,0.37941787941787936
olmo3-7b,T3,FAM-NAMED,0.7111111111111111,0.8076923076923077,0.09658119658119657
olmo3-7b,T3,FAM-UNNAMED,0.5454545454545454,0.6133333333333333,0.06787878787878787
olmo3-7b,T3,INV-LEX,0.575,0.6309523809523809,0.055952380952380976
olmo3-7b,T4,FAM-DIFF-FAR,0.6458333333333334,0.7534246575342466,0.10759132420091322
olmo3-7b,T4,FAM-DIFF-NEAR,0.5660377358490566,0.7678571428571429,0.20181940700808632
olmo3-7b,T4,FAM-NEAR-MISS,0.6176470588235294,0.8363636363636363,0.21871657754010687
olmo3-7b,T4,FAM-SAME-DIM,0.6271186440677966,0.8225806451612904,0.19546200109349376
olmo3-7b,T4,INV-LEX,0.6865671641791045,0.8928571428571429,0.20628997867803844
olmo3-7b,T5,FAM-FAR,0.25,0.35443037974683544,0.10443037974683544
olmo3-7b,T5,FAM-NEAR,0.1917808219178082,0.36666666666666664,0.17488584474885843
olmo3-7b,T5,INV-LEX,0.2465753424657534,0.3595505617977528,0.11297521933199939
qwen3-14b-base,T1,FAM-NAMED,0.2857142857142857,1.0,0.7142857142857143
qwen3-14b-base,T1,FAM-UNNAMED,0.625,1.0,0.375
qwen3-14b-base,T1,INV-BASE,0.6896551724137931,1.0,0.31034482758620685
qwen3-14b-base,T1,INV-BASE-TWIN,0.8387096774193549,1.0,0.16129032258064513
qwen3-14b-base,T1,INV-LEX,0.36363636363636365,1.0,0.6363636363636364
qwen3-14b-base,T1,INV-LEX-TWIN,0.45454545454545453,1.0,0.5454545454545454
qwen3-14b-base,T2,FAM-DIFF-FAR,0.5333333333333333,0.9166666666666666,0.3833333333333333
qwen3-14b-base,T2,FAM-NEAR-MISS,0.37142857142857144,0.8478260869565217,0.4763975155279503
qwen3-14b-base,T2,FAM-SAME-DIM,0.42,0.8947368421052632,0.4747368421052632
qwen3-14b-base,T2,FAM-SAME-UNIT,0.7142857142857143,1.0,0.2857142857142857
qwen3-14b-base,T2,INV-BASE,0.43333333333333335,0.9433962264150944,0.510062893081761
qwen3-14b-base,T2,INV-LEX,0.32432432432432434,0.9473684210526315,0.6230440967283072
qwen3-14b-base,T3,FAM-NAMED,0.9861111111111112,1.0,0.01388888888888884
qwen3-14b-base,T3,FAM-UNNAMED,0.88,0.9204545454545454,0.04045454545454541
qwen3-14b-base,T3,INV-LEX,0.925,0.9880952380952381,0.0630952380952381
qwen3-14b-base,T4,FAM-DIFF-FAR,0.7708333333333334,0.9821428571428571,0.21130952380952372
qwen3-14b-base,T4,FAM-DIFF-NEAR,0.7735849056603774,0.9,0.1264150943396226
qwen3-14b-base,T4,FAM-NEAR-MISS,0.6779661016949152,0.7586206896551724,0.08065458796025715
qwen3-14b-base,T4,FAM-SAME-DIM,0.7457627118644068,0.9508196721311475,0.2050569602667407
qwen3-14b-base,T4,INV-LEX,0.6607142857142857,1.0,0.3392857142857143
qwen3-14b-base,T5,FAM-FAR,0.5189873417721519,0.6527777777777778,0.1337904360056259
qwen3-14b-base,T5,FAM-NEAR,0.547945205479452,0.6333333333333333,0.08538812785388128
qwen3-14b-base,T5,INV-LEX,0.5,0.7945205479452054,0.29452054794520544
qwen3-4b,T1,FAM-NAMED,0.3333333333333333,1.0,0.6666666666666667
qwen3-4b,T1,FAM-UNNAMED,0.0967741935483871,1.0,0.9032258064516129
qwen3-4b,T1,INV-BASE,0.7096774193548387,0.9696969696969697,0.260019550342131
qwen3-4b,T1,INV-BASE-TWIN,0.43548387096774194,1.0,0.564516129032258
qwen3-4b,T1,INV-LEX,0.25,1.0,0.75
qwen3-4b,T1,INV-LEX-TWIN,0.0,1.0,1.0
qwen3-4b,T2,FAM-DIFF-FAR,0.5333333333333333,0.9444444444444444,0.4111111111111111
qwen3-4b,T2,FAM-NEAR-MISS,0.34285714285714286,0.7391304347826086,0.3962732919254658
qwen3-4b,T2,FAM-SAME-DIM,0.42,0.7105263157894737,0.2905263157894737
qwen3-4b,T2,FAM-SAME-UNIT,0.6097560975609756,0.9743589743589743,0.36460287679799874
qwen3-4b,T2,INV-BASE,0.5208333333333334,1.0,0.47916666666666663
qwen3-4b,T2,INV-LEX,0.5882352941176471,0.9459459459459459,0.35771065182829886
qwen3-4b,T3,FAM-NAMED,0.9444444444444444,0.9743589743589743,0.02991452991452992
qwen3-4b,T3,FAM-UNNAMED,0.7954545454545454,0.9066666666666666,0.1112121212121212
qwen3-4b,T3,INV-LEX,0.8421052631578947,0.9642857142857143,0.12218045112781961
qwen3-4b,T4,FAM-DIFF-FAR,0.7916666666666666,0.9107142857142857,0.11904761904761907
qwen3-4b,T4,FAM-DIFF-NEAR,0.7333333333333333,0.8028169014084507,0.06948356807511746
qwen3-4b,T4,FAM-NEAR-MISS,0.7288135593220338,0.8545454545454545,0.12573189522342065
qwen3-4b,T4,FAM-SAME-DIM,0.7796610169491526,0.9310344827586207,0.1513734658094681
qwen3-4b,T4,INV-LEX,0.5074626865671642,1.0,0.4925373134328358
qwen3-4b,T5,FAM-FAR,0.4943820224719101,0.625,0.1306179775280899
qwen3-4b,T5,FAM-NEAR,0.4657534246575342,0.5194805194805194,0.05372709482298521
qwen3-4b,T5,INV-LEX,0.3717948717948718,0.6292134831460674,0.2574186113511956
qwen3-4b-base,T1,FAM-NAMED,0.3333333333333333,1.0,0.6666666666666667
qwen3-4b-base,T1,FAM-UNNAMED,0.56,1.0,0.43999999999999995
qwen3-4b-base,T1,INV-BASE,0.7580645161290323,1.0,0.24193548387096775
qwen3-4b-base,T1,INV-BASE-TWIN,0.6612903225806451,1.0,0.33870967741935487
qwen3-4b-base,T1,INV-LEX,0.14285714285714285,1.0,0.8571428571428572
qwen3-4b-base,T1,INV-LEX-TWIN,0.36363636363636365,1.0,0.6363636363636364
qwen3-4b-base,T2,FAM-DIFF-FAR,0.4444444444444444,0.8611111111111112,0.41666666666666674
qwen3-4b-base,T2,FAM-NEAR-MISS,0.34285714285714286,0.7551020408163265,0.4122448979591836
qwen3-4b-base,T2,FAM-SAME-DIM,0.38,0.7894736842105263,0.4094736842105263
qwen3-4b-base,T2,FAM-SAME-UNIT,0.3902439024390244,0.9285714285714286,0.5383275261324042
qwen3-4b-base,T2,INV-BASE,0.43333333333333335,0.9285714285714286,0.49523809523809526
qwen3-4b-base,T2,INV-LEX,0.4411764705882353,1.0,0.5588235294117647
qwen3-4b-base,T3,FAM-NAMED,0.9,0.9230769230769231,0.023076923076923106
qwen3-4b-base,T3,FAM-UNNAMED,0.6818181818181818,0.8311688311688312,0.14935064935064946
qwen3-4b-base,T3,INV-LEX,0.8214285714285714,0.8421052631578947,0.020676691729323293
qwen3-4b-base,T4,FAM-DIFF-FAR,0.5342465753424658,0.9642857142857143,0.4300391389432485
qwen3-4b-base,T4,FAM-DIFF-NEAR,0.48333333333333334,0.8309859154929577,0.3476525821596244
qwen3-4b-base,T4,FAM-NEAR-MISS,0.5689655172413793,0.8909090909090909,0.32194357366771154
qwen3-4b-base,T4,FAM-SAME-DIM,0.5245901639344263,0.9032258064516129,0.3786356425171866
qwen3-4b-base,T4,INV-LEX,0.5223880597014925,1.0,0.4776119402985075
qwen3-4b-base,T5,FAM-FAR,0.43820224719101125,0.6527777777777778,0.21457553058676654
qwen3-4b-base,T5,FAM-NEAR,0.273972602739726,0.5666666666666667,0.29269406392694064
qwen3-4b-base,T5,INV-LEX,0.46153846153846156,0.5393258426966292,0.07778738115816763
qwen3-8b,T1,FAM-NAMED,0.0,1.0,1.0
qwen3-8b,T1,FAM-UNNAMED,0.0,0.9473684210526315,0.9473684210526315
qwen3-8b,T1,INV-BASE,0.3548387096774194,1.0,0.6451612903225806
qwen3-8b,T1,INV-BASE-TWIN,0.22580645161290322,0.90625,0.6804435483870968
qwen3-8b,T1,INV-LEX,0.0,1.0,1.0
qwen3-8b,T1,INV-LEX-TWIN,0.0,1.0,1.0
qwen3-8b-base,T1,FAM-NAMED,0.2857142857142857,1.0,0.7142857142857143
qwen3-8b-base,T1,FAM-UNNAMED,0.3125,1.0,0.6875
qwen3-8b-base,T1,INV-BASE,0.7068965517241379,1.0,0.2931034482758621
qwen3-8b-base,T1,INV-BASE-TWIN,0.7419354838709677,1.0,0.25806451612903225
qwen3-8b-base,T1,INV-LEX,0.45454545454545453,1.0,0.5454545454545454
qwen3-8b-base,T1,INV-LEX-TWIN,0.18181818181818182,1.0,0.8181818181818181
qwen3-8b-base,T2,FAM-DIFF-FAR,0.4444444444444444,0.8611111111111112,0.41666666666666674
qwen3-8b-base,T2,FAM-NEAR-MISS,0.34285714285714286,0.782608695652174,0.4397515527950311
qwen3-8b-base,T2,FAM-SAME-DIM,0.38,0.7631578947368421,0.38315789473684214
qwen3-8b-base,T2,FAM-SAME-UNIT,0.3902439024390244,0.9761904761904762,0.5859465737514518
qwen3-8b-base,T2,INV-BASE,0.49056603773584906,0.8214285714285714,0.33086253369272234
qwen3-8b-base,T2,INV-LEX,0.35135135135135137,0.6923076923076923,0.3409563409563409
qwen3-8b-base,T3,FAM-NAMED,0.9555555555555556,0.9871794871794872,0.03162393162393162
qwen3-8b-base,T3,FAM-UNNAMED,0.7333333333333333,0.7727272727272727,0.039393939393939426
qwen3-8b-base,T3,INV-LEX,0.8928571428571429,0.925,0.03214285714285714
qwen3-8b-base,T4,FAM-DIFF-FAR,0.8571428571428571,1.0,0.1428571428571429
qwen3-8b-base,T4,FAM-DIFF-NEAR,0.6071428571428571,0.8679245283018868,0.2607816711590297
qwen3-8b-base,T4,FAM-NEAR-MISS,0.6764705882352942,0.864406779661017,0.18793619142572282
qwen3-8b-base,T4,FAM-SAME-DIM,0.8305084745762712,0.9482758620689655,0.11776738749269433
qwen3-8b-base,T4,INV-LEX,0.6716417910447762,1.0,0.32835820895522383
qwen3-8b-base,T5,FAM-FAR,0.449438202247191,0.5694444444444444,0.12000624219725342
qwen3-8b-base,T5,FAM-NEAR,0.3698630136986301,0.5666666666666667,0.19680365296803654
qwen3-8b-base,T5,INV-LEX,0.46153846153846156,0.6404494382022472,0.17891097666378564
