model,task,version,condition,n,acc,ci_lo,ci_hi,chance,acc_length_matched,n_length_matched,acc_gen,acc_gen_dim,gen_parsed,acc_gen_dim|parsed,acc_inorder,acc_swapped,swap_penalty,swapped_ci_lo,swapped_ci_hi
gemma2-9b,T1,v1,ARITH-FAM,240,0.7125,0.5446297212601022,0.8629074086467675,0.25,0.7383177570093458,214,0.22916666666666666,0.49583333333333335,0.9041666666666667,0.5483870967741935,0.7125,,,,
gemma2-9b,T1,v1,ARITH-INV,240,0.8333333333333334,0.7175751522070015,0.9288551598823596,0.25,0.8994413407821229,179,0.225,0.625,0.8541666666666666,0.7317073170731707,0.8333333333333334,,,,
gemma2-9b,T1,v1,ARITH-INV-NODEF,240,0.7708333333333334,0.6746791513881613,0.855322888962766,0.25,0.8505747126436781,174,0.11666666666666667,0.17916666666666667,0.5166666666666667,0.3467741935483871,0.7708333333333334,,,,
gemma2-9b,T1,v1,ARITH-INV-NODEF-TWIN,240,0.6958333333333333,0.5471545336490719,0.8428011240135508,0.25,0.7564766839378239,193,0.2916666666666667,0.5125,0.9125,0.5616438356164384,0.6958333333333333,,,,
gemma2-9b,T1,v1,ARITH-INV-TWIN,240,0.7375,0.5943217695256708,0.8672576856939144,0.25,0.8108108108108109,185,0.30416666666666664,0.525,0.9041666666666667,0.5806451612903226,0.7375,,,,
gemma2-9b,T1,v1,FAM-NAMED,240,0.9833333333333333,0.9590163934426229,1.0,0.25,0.9906542056074766,214,0.3458333333333333,0.7125,0.95,0.75,0.9793103448275862,0.9894736842105263,-0.010163339382940118,0.9519201807228915,1.0
gemma2-9b,T1,v1,FAM-UNNAMED,240,0.8416666666666667,0.7559818565400844,0.9264100185528757,0.25,0.8932038834951457,206,0.19583333333333333,0.6916666666666667,0.8625,0.8019323671497585,0.8790322580645161,0.8017241379310345,0.07730812013348165,0.6929824561403509,0.9196428571428571
gemma2-9b,T1,v1,INV-BASE,240,0.9041666666666667,0.7802185960591133,1.0,0.25,0.9593908629441624,197,0.6458333333333334,0.925,0.9875,0.9367088607594937,0.905511811023622,0.9026548672566371,0.002856943766984865,0.7446808510638298,1.0
gemma2-9b,T1,v1,INV-BASE-TWIN,240,0.9125,0.8443555846144033,0.9768623737373737,0.25,0.9436619718309859,213,0.575,0.8375,0.925,0.9054054054054054,0.9133858267716536,0.911504424778761,0.0018814019928925507,0.8125,1.0
gemma2-9b,T1,v1,INV-LEX,240,0.9083333333333333,0.837395954316686,0.9650692994114297,0.25,0.935,200,0.3375,0.55,0.925,0.5945945945945946,0.9090909090909091,0.9074074074074074,0.0016835016835016203,0.77981262634116,0.9906563689858082
gemma2-9b,T1,v1,INV-LEX-TWIN,240,0.9125,0.8571428571428571,0.9608750634410421,0.25,0.9567307692307693,208,0.30416666666666664,0.6833333333333333,0.9041666666666667,0.7557603686635944,0.9242424242424242,0.8981481481481481,0.02609427609427606,0.8089660651458404,0.97
olmo3-7b,T1,v1,ARITH-FAM,240,0.7833333333333333,0.6419753086419753,0.8975514386082302,0.25,0.8130841121495327,214,0.32916666666666666,0.5708333333333333,0.9708333333333333,0.5879828326180258,0.7833333333333333,,,,
olmo3-7b,T1,v1,ARITH-INV,240,0.7375,0.5675350048844024,0.8733685329783607,0.25,0.8491620111731844,179,0.2833333333333333,0.6041666666666666,0.9708333333333333,0.6223175965665236,0.7375,,,,
olmo3-7b,T1,v1,ARITH-INV-NODEF,240,0.6916666666666667,0.6068658372991791,0.7748944805194805,0.25,0.7471264367816092,174,0.075,0.13333333333333333,0.7166666666666667,0.18604651162790697,0.6916666666666667,,,,
olmo3-7b,T1,v1,ARITH-INV-NODEF-TWIN,240,0.7458333333333333,0.6309478021978022,0.8513527081298166,0.25,0.8238341968911918,193,0.31666666666666665,0.5041666666666667,0.95,0.5307017543859649,0.7458333333333333,,,,
olmo3-7b,T1,v1,ARITH-INV-TWIN,240,0.7875,0.6501450804537061,0.8986810893720237,0.25,0.8756756756756757,185,0.325,0.575,0.9458333333333333,0.6079295154185022,0.7875,,,,
olmo3-7b,T1,v1,FAM-NAMED,240,0.9875,0.9645598987626546,1.0,0.25,0.9906542056074766,214,0.43333333333333335,0.7625,0.9958333333333333,0.7656903765690377,0.9793103448275862,1.0,-0.020689655172413834,1.0,1.0
olmo3-7b,T1,v1,FAM-UNNAMED,240,0.8333333333333334,0.7499769372693726,0.9107163816230718,0.25,0.8786407766990292,206,0.16666666666666666,0.3375,0.6916666666666667,0.4879518072289157,0.8467741935483871,0.8189655172413793,0.027808676307007785,0.6922932330827067,0.9368444760550024
olmo3-7b,T1,v1,INV-BASE,240,0.8875,0.7624428492073666,0.995475113122172,0.25,0.9796954314720813,197,0.5208333333333334,0.6583333333333333,0.9583333333333334,0.6869565217391305,0.8976377952755905,0.8761061946902655,0.021531600585324995,0.6691499642090194,1.0
olmo3-7b,T1,v1,INV-BASE-TWIN,240,0.9041666666666667,0.8279896551724137,0.974583723703262,0.25,0.9389671361502347,213,0.5375,0.625,0.8,0.78125,0.9212598425196851,0.8849557522123894,0.036304090307295644,0.7636363636363637,0.99
olmo3-7b,T1,v1,INV-LEX,240,0.9125,0.8461453744493392,0.9650655021834061,0.25,0.945,200,0.2708333333333333,0.37083333333333335,0.9541666666666667,0.388646288209607,0.9166666666666666,0.9074074074074074,0.00925925925925919,0.7870370370370371,0.9909930019305019
olmo3-7b,T1,v1,INV-LEX-TWIN,240,0.9,0.8353401842664776,0.9521536301227377,0.25,0.9471153846153846,208,0.30416666666666664,0.5958333333333333,0.9,0.6620370370370371,0.8863636363636364,0.9166666666666666,-0.030303030303030276,0.8303529312668464,0.981667613867013
qwen3-14b-base,T1,v1,ARITH-FAM,240,0.8583333333333333,0.7219862635524026,0.9729790057915058,0.25,0.883177570093458,214,0.4041666666666667,0.6833333333333333,0.925,0.7387387387387387,0.8583333333333333,,,,
qwen3-14b-base,T1,v1,ARITH-INV,240,0.8541666666666666,0.7488762114537445,0.937773502476831,0.25,0.9050279329608939,179,0.24583333333333332,0.6833333333333333,0.9625,0.70995670995671,0.8541666666666666,,,,
qwen3-14b-base,T1,v1,ARITH-INV-NODEF,240,0.8041666666666667,0.7242728395061728,0.8771274368593823,0.25,0.8850574712643678,174,0.20416666666666666,0.3875,0.7333333333333333,0.5284090909090909,0.8041666666666667,,,,
qwen3-14b-base,T1,v1,ARITH-INV-NODEF-TWIN,240,0.8375,0.7056447248987572,0.9427402313670713,0.25,0.917098445595855,193,0.37916666666666665,0.6416666666666667,0.9583333333333334,0.6695652173913044,0.8375,,,,
qwen3-14b-base,T1,v1,ARITH-INV-TWIN,240,0.8458333333333333,0.6974383301707779,0.9621939225128253,0.25,0.918918918918919,185,0.45416666666666666,0.6666666666666666,0.9291666666666667,0.7174887892376681,0.8458333333333333,,,,
qwen3-14b-base,T1,v1,FAM-NAMED,240,0.9875,0.9615343347639486,1.0,0.25,0.9906542056074766,214,0.5,0.7208333333333333,0.9625,0.7489177489177489,0.9862068965517241,0.9894736842105263,-0.0032667876588021727,0.9519201807228915,1.0
qwen3-14b-base,T1,v1,FAM-UNNAMED,240,0.8875,0.8084106984969054,0.955647837567799,0.25,0.9368932038834952,206,0.3125,0.49166666666666664,0.6125,0.8027210884353742,0.9354838709677419,0.8362068965517241,0.0992769744160178,0.7079379005187671,0.9549650096525096
qwen3-14b-base,T1,v1,INV-BASE,240,0.9208333333333333,0.8239942622950819,0.9957274011299435,0.25,0.9695431472081218,197,0.5208333333333334,0.5625,0.6083333333333333,0.9246575342465754,0.9212598425196851,0.9203539823008849,0.0009058602188001252,0.7981651376146789,1.0
qwen3-14b-base,T1,v1,INV-BASE-TWIN,240,0.9291666666666667,0.8702252509466851,0.9861158675799087,0.25,0.9624413145539906,213,0.675,0.7708333333333334,0.8958333333333334,0.8604651162790697,0.952755905511811,0.9026548672566371,0.05010103825517387,0.8015476190476191,1.0
qwen3-14b-base,T1,v1,INV-LEX,240,0.9375,0.8754860142427134,0.9830508474576272,0.25,0.96,200,0.375,0.6416666666666667,0.8416666666666667,0.7623762376237624,0.9696969696969697,0.8981481481481481,0.07154882154882158,0.7804710226001342,0.989010989010989
qwen3-14b-base,T1,v1,INV-LEX-TWIN,240,0.9166666666666666,0.856480927698033,0.9655172413793104,0.25,0.9567307692307693,208,0.45416666666666666,0.6833333333333333,0.825,0.8282828282828283,0.9166666666666666,0.9166666666666666,0.0,0.822404873164219,0.9824599542334095
qwen3-4b-base,T1,v1,ARITH-FAM,240,0.7958333333333333,0.6451547070441079,0.9249036561264822,0.25,0.8177570093457944,214,0.26666666666666666,0.5958333333333333,0.925,0.6441441441441441,0.7958333333333333,,,,
qwen3-4b-base,T1,v1,ARITH-INV,240,0.8458333333333333,0.741781103286385,0.9325396825396826,0.25,0.88268156424581,179,0.25416666666666665,0.6291666666666667,0.9,0.6990740740740741,0.8458333333333333,,,,
qwen3-4b-base,T1,v1,ARITH-INV-NODEF,240,0.7333333333333333,0.662912100614972,0.8041711956521739,0.25,0.7586206896551724,174,0.09583333333333334,0.19583333333333333,0.6791666666666667,0.2883435582822086,0.7333333333333333,,,,
qwen3-4b-base,T1,v1,ARITH-INV-NODEF-TWIN,240,0.7375,0.5861884762746832,0.8649870834409713,0.25,0.7927461139896373,193,0.30416666666666664,0.5833333333333334,0.8916666666666667,0.6542056074766355,0.7375,,,,
qwen3-4b-base,T1,v1,ARITH-INV-TWIN,240,0.8,0.6639004149377593,0.9115469348659003,0.25,0.8648648648648649,185,0.32916666666666666,0.5708333333333333,0.9125,0.6255707762557078,0.8,,,,
qwen3-4b-base,T1,v1,FAM-NAMED,240,0.9958333333333333,0.9812206572769953,1.0,0.25,0.9953271028037384,214,0.4875,0.7791666666666667,0.9916666666666667,0.7857142857142857,1.0,0.9894736842105263,0.010526315789473717,0.9514444127165429,1.0
qwen3-4b-base,T1,v1,FAM-UNNAMED,240,0.8583333333333333,0.774874319229158,0.9339265966896901,0.25,0.9029126213592233,206,0.2708333333333333,0.30416666666666664,0.49166666666666664,0.6186440677966102,0.9032258064516129,0.8103448275862069,0.09288097886540603,0.6817895339954163,0.9354942100909842
qwen3-4b-base,T1,v1,INV-BASE,240,0.9416666666666667,0.8674698795180723,1.0,0.25,0.9847715736040609,197,0.5125,0.65,0.7458333333333333,0.8715083798882681,0.937007874015748,0.9469026548672567,-0.009894780851508633,0.8392857142857143,1.0
qwen3-4b-base,T1,v1,INV-BASE-TWIN,240,0.8666666666666667,0.7647058823529411,0.9638058823529412,0.25,0.8967136150234741,213,0.575,0.7333333333333333,0.8958333333333334,0.8186046511627907,0.9133858267716536,0.8141592920353983,0.09922653473625531,0.6269345238095239,1.0
qwen3-4b-base,T1,v1,INV-LEX,240,0.925,0.8614204871647667,0.9745842493440181,0.25,0.96,200,0.25416666666666665,0.44583333333333336,0.75,0.5944444444444444,0.9393939393939394,0.9074074074074074,0.03198653198653201,0.7867557824100514,0.9921999999999989
qwen3-4b-base,T1,v1,INV-LEX-TWIN,240,0.9083333333333333,0.8445309271249484,0.960318334382211,0.25,0.9423076923076923,208,0.36666666666666664,0.575,0.8166666666666667,0.7040816326530612,0.9015151515151515,0.9166666666666666,-0.015151515151515138,0.8404054596547572,0.9807738095238094
qwen3-8b-base,T1,v1,ARITH-FAM,240,0.825,0.6731314678367415,0.9531943869525623,0.25,0.8457943925233645,214,0.3458333333333333,0.6041666666666666,0.9208333333333333,0.6561085972850679,0.825,,,,
qwen3-8b-base,T1,v1,ARITH-INV,240,0.8416666666666667,0.6827807711883742,0.9537911414565826,0.25,0.9162011173184358,179,0.14583333333333334,0.425,0.7083333333333334,0.6,0.8416666666666667,,,,
qwen3-8b-base,T1,v1,ARITH-INV-NODEF,240,0.7541666666666667,0.663997510373444,0.84348183932725,0.25,0.7931034482758621,174,0.12916666666666668,0.32083333333333336,0.65,0.4935897435897436,0.7541666666666667,,,,
qwen3-8b-base,T1,v1,ARITH-INV-NODEF-TWIN,240,0.7958333333333333,0.6755699985597003,0.9040041666666667,0.25,0.8601036269430051,193,0.3458333333333333,0.5583333333333333,0.9291666666666667,0.600896860986547,0.7958333333333333,,,,
qwen3-8b-base,T1,v1,ARITH-INV-TWIN,240,0.8291666666666667,0.7136563778023225,0.9320994777628031,0.25,0.9027027027027027,185,0.4,0.6208333333333333,0.925,0.6711711711711712,0.8291666666666667,,,,
qwen3-8b-base,T1,v1,FAM-NAMED,240,1.0,1.0,1.0,0.25,1.0,214,0.5291666666666667,0.7583333333333333,0.9833333333333333,0.7711864406779662,1.0,1.0,0.0,1.0,1.0
qwen3-8b-base,T1,v1,FAM-UNNAMED,240,0.8208333333333333,0.7159861788617886,0.9145390070921985,0.25,0.8689320388349514,206,0.3,0.42916666666666664,0.7416666666666667,0.5786516853932584,0.8548387096774194,0.7844827586206896,0.07035595105672976,0.6347712524334848,0.9230769230769231
qwen3-8b-base,T1,v1,INV-BASE,240,0.9041666666666667,0.7886050412548735,0.9954550596462362,0.25,0.9441624365482234,197,0.4791666666666667,0.5041666666666667,0.6166666666666667,0.8175675675675675,0.889763779527559,0.9203539823008849,-0.030590202773325914,0.8079834862385321,1.0
qwen3-8b-base,T1,v1,INV-BASE-TWIN,240,0.9333333333333333,0.8677685950413223,0.9883954110185299,0.25,0.9671361502347418,213,0.5708333333333333,0.7416666666666667,0.7916666666666666,0.9368421052631579,0.952755905511811,0.911504424778761,0.04125148073304996,0.7999596774193549,1.0
qwen3-8b-base,T1,v1,INV-LEX,240,0.9458333333333333,0.8820960698689956,0.9908686176836862,0.25,0.98,200,0.25,0.4166666666666667,0.6791666666666667,0.6134969325153374,0.9621212121212122,0.9259259259259259,0.036195286195286225,0.8033333333333333,1.0
qwen3-8b-base,T1,v1,INV-LEX-TWIN,240,0.9166666666666666,0.8538636116547076,0.9659658140090843,0.25,0.9423076923076923,208,0.44583333333333336,0.6166666666666667,0.8791666666666667,0.7014218009478673,0.8939393939393939,0.9444444444444444,-0.0505050505050505,0.8849472430224643,0.9903869047619048
